-- MySQL Script generated by MySQL Workbench
-- 06/09/14 13:53:08
-- Model: New Model    Version: 1.0
SET @OLD_UNIQUE_CHECKS=@@UNIQUE_CHECKS, UNIQUE_CHECKS=0;
SET @OLD_FOREIGN_KEY_CHECKS=@@FOREIGN_KEY_CHECKS, FOREIGN_KEY_CHECKS=0;
SET @OLD_SQL_MODE=@@SQL_MODE, SQL_MODE='TRADITIONAL,ALLOW_INVALID_DATES';

-- -----------------------------------------------------
-- Schema granjagalonesentrega
-- -----------------------------------------------------
CREATE SCHEMA IF NOT EXISTS `granjagalonesentrega` DEFAULT CHARACTER SET utf8 COLLATE utf8_general_ci ;
USE `granjagalonesentrega` ;

-- -----------------------------------------------------
-- Table `granjagalonesentrega`.`roles`
-- -----------------------------------------------------
CREATE TABLE IF NOT EXISTS `granjagalonesentrega`.`roles` (
  `id` INT NOT NULL AUTO_INCREMENT,
  `nombre` VARCHAR(45) NOT NULL,
  `descripcion` TEXT NULL,
  PRIMARY KEY (`id`))
ENGINE = InnoDB;


-- -----------------------------------------------------
-- Table `granjagalonesentrega`.`users`
-- -----------------------------------------------------
CREATE TABLE IF NOT EXISTS `granjagalonesentrega`.`users` (
  `id` INT NOT NULL AUTO_INCREMENT,
  `username` VARCHAR(45) NOT NULL,
  `password` VARCHAR(45) NOT NULL,
  `role_id` INT NOT NULL,
  `nombre` VARCHAR(45) NOT NULL,
  `apellido` VARCHAR(45) NOT NULL,
  PRIMARY KEY (`id`),
  INDEX `fk_usuario_role_idx` (`role_id` ASC),
  CONSTRAINT `fk_usuario_role`
    FOREIGN KEY (`role_id`)
    REFERENCES `granjagalonesentrega`.`roles` (`id`)
    ON DELETE CASCADE
    ON UPDATE CASCADE)
ENGINE = InnoDB;


-- -----------------------------------------------------
-- Table `granjagalonesentrega`.`clientes`
-- -----------------------------------------------------
CREATE TABLE IF NOT EXISTS `granjagalonesentrega`.`clientes` (
  `id` INT NOT NULL AUTO_INCREMENT,
  `created` DATETIME NULL,
  `cedula` VARCHAR(45) NOT NULL,
  `nombre` VARCHAR(45) NOT NULL,
  `apellido` VARCHAR(45) NOT NULL,
  `apodo` VARCHAR(45) NULL,
  `negocio` VARCHAR(45) NULL,
  `direccion` VARCHAR(45) NOT NULL,
  `telefonofijo` VARCHAR(45) NOT NULL,
  `telefonocelular` VARCHAR(45) NOT NULL,
  `email` VARCHAR(45) NULL,
  `user_id` INT NOT NULL,
  PRIMARY KEY (`id`),
  INDEX `fk_cliente_user1_idx` (`user_id` ASC),
  CONSTRAINT `fk_cliente_user1`
    FOREIGN KEY (`user_id`)
    REFERENCES `granjagalonesentrega`.`users` (`id`)
    ON DELETE CASCADE
    ON UPDATE CASCADE)
ENGINE = InnoDB;


-- -----------------------------------------------------
-- Table `granjagalonesentrega`.`bancos`
-- -----------------------------------------------------
CREATE TABLE IF NOT EXISTS `granjagalonesentrega`.`bancos` (
  `id` INT NOT NULL AUTO_INCREMENT,
  `codigo` VARCHAR(4) NOT NULL,
  `nombre` VARCHAR(45) NOT NULL,
  `descripcion` TEXT NULL,
  `user_id` INT NOT NULL,
  PRIMARY KEY (`id`),
  INDEX `fk_banco_user1_idx` (`user_id` ASC),
  CONSTRAINT `fk_banco_user1`
    FOREIGN KEY (`user_id`)
    REFERENCES `granjagalonesentrega`.`users` (`id`)
    ON DELETE CASCADE
    ON UPDATE CASCADE)
ENGINE = InnoDB;


-- -----------------------------------------------------
-- Table `granjagalonesentrega`.`cuentas`
-- -----------------------------------------------------
CREATE TABLE IF NOT EXISTS `granjagalonesentrega`.`cuentas` (
  `id` INT NOT NULL AUTO_INCREMENT,
  `numero` VARCHAR(45) NOT NULL,
  `banco_id` INT NOT NULL,
  `cliente_id` INT NULL,
  `user_id` INT NOT NULL,
  `propia` INT NOT NULL COMMENT '0 si es del cliente' /* comment truncated */ /*1 si es de otra persona (directorio)*/,
  `titular` VARCHAR(45) NULL,
  `cedula` VARCHAR(45) NULL,
  `correo` VARCHAR(45) NULL,
  PRIMARY KEY (`id`),
  INDEX `fk_cuenta_banco1_idx` (`banco_id` ASC),
  INDEX `fk_cuenta_cliente1_idx` (`cliente_id` ASC),
  INDEX `fk_cuenta_user1_idx` (`user_id` ASC),
  CONSTRAINT `fk_cuenta_banco1`
    FOREIGN KEY (`banco_id`)
    REFERENCES `granjagalonesentrega`.`bancos` (`id`)
    ON DELETE CASCADE
    ON UPDATE CASCADE,
  CONSTRAINT `fk_cuenta_cliente1`
    FOREIGN KEY (`cliente_id`)
    REFERENCES `granjagalonesentrega`.`clientes` (`id`)
    ON DELETE CASCADE
    ON UPDATE CASCADE,
  CONSTRAINT `fk_cuenta_user1`
    FOREIGN KEY (`user_id`)
    REFERENCES `granjagalonesentrega`.`users` (`id`)
    ON DELETE CASCADE
    ON UPDATE CASCADE)
ENGINE = InnoDB;


-- -----------------------------------------------------
-- Table `granjagalonesentrega`.`intereses`
-- -----------------------------------------------------
CREATE TABLE IF NOT EXISTS `granjagalonesentrega`.`intereses` (
  `id` INT NOT NULL AUTO_INCREMENT,
  `created` DATETIME NULL,
  `vigencia` INT NOT NULL,
  `minimo` INT NOT NULL,
  `maximo` INT NOT NULL,
  `montofijo` INT NOT NULL,
  `porcentaje` INT NOT NULL,
  `tipo` INT NOT NULL,
  `user_id` INT NOT NULL,
  PRIMARY KEY (`id`),
  INDEX `fk_interese_user1_idx` (`user_id` ASC),
  CONSTRAINT `fk_interese_user1`
    FOREIGN KEY (`user_id`)
    REFERENCES `granjagalonesentrega`.`users` (`id`)
    ON DELETE CASCADE
    ON UPDATE CASCADE)
ENGINE = InnoDB;


-- -----------------------------------------------------
-- Table `granjagalonesentrega`.`tipogarantias`
-- -----------------------------------------------------
CREATE TABLE IF NOT EXISTS `granjagalonesentrega`.`tipogarantias` (
  `id` INT NOT NULL AUTO_INCREMENT,
  `nombre` VARCHAR(45) NOT NULL,
  `descripcion` VARCHAR(1000) NULL,
  PRIMARY KEY (`id`))
ENGINE = InnoDB;


-- -----------------------------------------------------
-- Table `granjagalonesentrega`.`interesprestamo`
-- -----------------------------------------------------
CREATE TABLE IF NOT EXISTS `granjagalonesentrega`.`interesprestamo` (
  `id` INT NOT NULL AUTO_INCREMENT,
  `valor` FLOAT NULL,
  `tipoprestamo` INT NULL,
  PRIMARY KEY (`id`))
ENGINE = InnoDB;


-- -----------------------------------------------------
-- Table `granjagalonesentrega`.`prestamo`
-- -----------------------------------------------------
CREATE TABLE IF NOT EXISTS `granjagalonesentrega`.`prestamo` (
  `id` INT NOT NULL AUTO_INCREMENT,
  `cliente_id` INT NOT NULL,
  `monto` INT NOT NULL,
  `fechafin` DATETIME NULL COMMENT 'si la fecha fin  es null, ',
  `fechainicio` DATETIME NOT NULL,
  `montodeuda` FLOAT NOT NULL,
  `interesprestamo_id` INT NULL,
  `prestamo_id` INT NULL,
  `aprobarprestamo` INT NULL,
  `user_id` INT NOT NULL,
  PRIMARY KEY (`id`),
  INDEX `fk_prestamo_users1_idx` (`user_id` ASC),
  INDEX `fk_prestamo_clientes1_idx` (`cliente_id` ASC),
  INDEX `fk_prestamo_prestamo1_idx` (`prestamo_id` ASC),
  INDEX `fk_prestamo_interesprestamo1_idx` (`interesprestamo_id` ASC),
  CONSTRAINT `fk_prestamo_users1`
    FOREIGN KEY (`user_id`)
    REFERENCES `granjagalonesentrega`.`users` (`id`)
    ON DELETE NO ACTION
    ON UPDATE NO ACTION,
  CONSTRAINT `fk_prestamo_clientes1`
    FOREIGN KEY (`cliente_id`)
    REFERENCES `granjagalonesentrega`.`clientes` (`id`)
    ON DELETE NO ACTION
    ON UPDATE NO ACTION,
  CONSTRAINT `fk_prestamo_prestamo1`
    FOREIGN KEY (`prestamo_id`)
    REFERENCES `granjagalonesentrega`.`prestamo` (`id`)
    ON DELETE NO ACTION
    ON UPDATE NO ACTION,
  CONSTRAINT `fk_prestamo_interesprestamo1`
    FOREIGN KEY (`interesprestamo_id`)
    REFERENCES `granjagalonesentrega`.`interesprestamo` (`id`)
    ON DELETE NO ACTION
    ON UPDATE NO ACTION)
ENGINE = InnoDB;


-- -----------------------------------------------------
-- Table `granjagalonesentrega`.`garantias`
-- -----------------------------------------------------
CREATE TABLE IF NOT EXISTS `granjagalonesentrega`.`garantias` (
  `id` INT NOT NULL AUTO_INCREMENT,
  `nombre` VARCHAR(45) NULL,
  `descripcion` VARCHAR(1000) NULL,
  `montoquecubre` INT NULL,
  `pertenecea` VARCHAR(45) NULL,
  `tipogarantia_id` INT NOT NULL,
  `prestamo_id` INT NOT NULL,
  PRIMARY KEY (`id`),
  INDEX `fk_garantia_tipogarantia1_idx` (`tipogarantia_id` ASC),
  INDEX `fk_garantia_prestamo1_idx` (`prestamo_id` ASC),
  CONSTRAINT `fk_garantia_tipogarantia1`
    FOREIGN KEY (`tipogarantia_id`)
    REFERENCES `granjagalonesentrega`.`tipogarantias` (`id`)
    ON DELETE NO ACTION
    ON UPDATE NO ACTION,
  CONSTRAINT `fk_garantia_prestamo1`
    FOREIGN KEY (`prestamo_id`)
    REFERENCES `granjagalonesentrega`.`prestamo` (`id`)
    ON DELETE NO ACTION
    ON UPDATE NO ACTION)
ENGINE = InnoDB;


-- -----------------------------------------------------
-- Table `granjagalonesentrega`.`cuotas`
-- -----------------------------------------------------
CREATE TABLE IF NOT EXISTS `granjagalonesentrega`.`cuotas` (
  `id` INT NOT NULL AUTO_INCREMENT,
  `fechaini` DATETIME NOT NULL,
  `fechafin` DATETIME NOT NULL,
  `nrocuotas` INT NOT NULL,
  `montocuota` INT NOT NULL,
  `prestamo_id` INT NOT NULL,
  PRIMARY KEY (`id`),
  INDEX `fk_cuotas_prestamo1_idx` (`prestamo_id` ASC),
  CONSTRAINT `fk_cuotas_prestamo1`
    FOREIGN KEY (`prestamo_id`)
    REFERENCES `granjagalonesentrega`.`prestamo` (`id`)
    ON DELETE NO ACTION
    ON UPDATE NO ACTION)
ENGINE = InnoDB;


-- -----------------------------------------------------
-- Table `granjagalonesentrega`.`tipopagos`
-- -----------------------------------------------------
CREATE TABLE IF NOT EXISTS `granjagalonesentrega`.`tipopagos` (
  `id` INT NOT NULL AUTO_INCREMENT,
  `nombre` VARCHAR(45) NOT NULL,
  `descripcion` TEXT NOT NULL,
  `user_id` INT NOT NULL,
  PRIMARY KEY (`id`),
  INDEX `fk_tipopago_user1_idx` (`user_id` ASC),
  CONSTRAINT `fk_tipopago_user1`
    FOREIGN KEY (`user_id`)
    REFERENCES `granjagalonesentrega`.`users` (`id`)
    ON DELETE NO ACTION
    ON UPDATE NO ACTION)
ENGINE = InnoDB;


-- -----------------------------------------------------
-- Table `granjagalonesentrega`.`pagodeprestamo`
-- -----------------------------------------------------
CREATE TABLE IF NOT EXISTS `granjagalonesentrega`.`pagodeprestamo` (
  `id` INT NOT NULL AUTO_INCREMENT,
  `montopagado` INT NOT NULL,
  `fecha` DATETIME NOT NULL,
  `nroreferencia` VARCHAR(45) NULL,
  `cuotas_id` INT NULL,
  `diaspagados` INT NULL COMMENT 'Se calcula en base al monto pagado/ monto de la cuota, para facilitar los cálculos a la hora de recalcular',
  `montodeuda` INT NOT NULL COMMENT 'este es el monto de la deuda vieja para guardar un historico de lo que debia.',
  `tipopago_id` INT NOT NULL,
  `descri` VARCHAR(45) NULL,
  `descuento` INT NULL COMMENT 'esto es para saber si es un pago de un cliente o un pago de descuento de reinaldo.',
  `user_id` INT NOT NULL,
  PRIMARY KEY (`id`),
  INDEX `fk_pagodecuotas_cuotas1_idx` (`cuotas_id` ASC),
  INDEX `fk_pagodecuotas_tipopagos1_idx` (`tipopago_id` ASC),
  INDEX `fk_pagodecuotas_users1_idx` (`user_id` ASC),
  CONSTRAINT `fk_pagodecuotas_cuotas1`
    FOREIGN KEY (`cuotas_id`)
    REFERENCES `granjagalonesentrega`.`cuotas` (`id`)
    ON DELETE NO ACTION
    ON UPDATE NO ACTION,
  CONSTRAINT `fk_pagodecuotas_tipopagos1`
    FOREIGN KEY (`tipopago_id`)
    REFERENCES `granjagalonesentrega`.`tipopagos` (`id`)
    ON DELETE NO ACTION
    ON UPDATE NO ACTION,
  CONSTRAINT `fk_pagodecuotas_users1`
    FOREIGN KEY (`user_id`)
    REFERENCES `granjagalonesentrega`.`users` (`id`)
    ON DELETE NO ACTION
    ON UPDATE NO ACTION)
ENGINE = InnoDB;


-- -----------------------------------------------------
-- Table `granjagalonesentrega`.`cheques`
-- -----------------------------------------------------
CREATE TABLE IF NOT EXISTS `granjagalonesentrega`.`cheques` (
  `id` INT NOT NULL AUTO_INCREMENT,
  `banco_id` INT NOT NULL,
  `cliente_id` INT NOT NULL,
  `created` DATETIME NULL,
  `modified` DATETIME NULL,
  `numerodecuenta` VARCHAR(20) NOT NULL,
  `numerodecheque` VARCHAR(10) NOT NULL,
  `monto` INT NOT NULL,
  `interese_id` INT NOT NULL,
  `filename` VARCHAR(255) NULL,
  `dir` VARCHAR(65) NULL,
  `fecharecibido` DATETIME NOT NULL,
  `fechacobro` DATETIME NOT NULL,
  `dias` INT NULL,
  `diaspost` INT NULL,
  `cobrado` INT NOT NULL,
  `user_id` INT NOT NULL,
  `cheque_id` INT NULL COMMENT 'Cheques que pagan cheque',
  `garantia_id` INT NULL,
  `pagodecuotas_id` INT NULL COMMENT 'El cheque se guarda R, cuando es pago de cuota de prestamo, este cheque descuenta el prestamo, se abre un nuevo proceso de cheque por cobrar, devuelto o cobrado, y el cobro de intereses a traves del cheque',
  `deuda` INT NOT NULL DEFAULT 0,
  PRIMARY KEY (`id`),
  INDEX `fk_cheque_banco1_idx` (`banco_id` ASC),
  INDEX `fk_cheque_cliente1_idx` (`cliente_id` ASC),
  UNIQUE INDEX `numerodecheque_UNIQUE` (`numerodecheque` ASC),
  INDEX `fk_cheque_cheque1_idx` (`cheque_id` ASC),
  INDEX `fk_cheque_user1_idx` (`user_id` ASC),
  INDEX `fk_cheques_intereses1_idx` (`interese_id` ASC),
  INDEX `fk_cheques_garantia1_idx` (`garantia_id` ASC),
  INDEX `fk_cheques_pagodecuotas1_idx` (`pagodecuotas_id` ASC),
  CONSTRAINT `fk_cheque_banco1`
    FOREIGN KEY (`banco_id`)
    REFERENCES `granjagalonesentrega`.`bancos` (`id`)
    ON DELETE CASCADE
    ON UPDATE CASCADE,
  CONSTRAINT `fk_cheque_cliente1`
    FOREIGN KEY (`cliente_id`)
    REFERENCES `granjagalonesentrega`.`clientes` (`id`)
    ON DELETE CASCADE
    ON UPDATE CASCADE,
  CONSTRAINT `fk_cheque_cheque1`
    FOREIGN KEY (`cheque_id`)
    REFERENCES `granjagalonesentrega`.`cheques` (`id`)
    ON DELETE CASCADE
    ON UPDATE CASCADE,
  CONSTRAINT `fk_cheque_user1`
    FOREIGN KEY (`user_id`)
    REFERENCES `granjagalonesentrega`.`users` (`id`)
    ON DELETE CASCADE
    ON UPDATE CASCADE,
  CONSTRAINT `fk_cheques_intereses1`
    FOREIGN KEY (`interese_id`)
    REFERENCES `granjagalonesentrega`.`intereses` (`id`)
    ON DELETE CASCADE
    ON UPDATE CASCADE,
  CONSTRAINT `fk_cheques_garantia1`
    FOREIGN KEY (`garantia_id`)
    REFERENCES `granjagalonesentrega`.`garantias` (`id`)
    ON DELETE CASCADE
    ON UPDATE CASCADE,
  CONSTRAINT `fk_cheques_pagodecuotas1`
    FOREIGN KEY (`pagodecuotas_id`)
    REFERENCES `granjagalonesentrega`.`pagodeprestamo` (`id`)
    ON DELETE CASCADE
    ON UPDATE CASCADE)
ENGINE = InnoDB;


-- -----------------------------------------------------
-- Table `granjagalonesentrega`.`gestiondecobranzas`
-- -----------------------------------------------------
CREATE TABLE IF NOT EXISTS `granjagalonesentrega`.`gestiondecobranzas` (
  `id` INT NOT NULL AUTO_INCREMENT,
  `created` DATETIME NULL,
  `descripcion` VARCHAR(45) NULL,
  `user_id` INT NOT NULL,
  `cheque_id` INT NULL,
  PRIMARY KEY (`id`),
  INDEX `fk_gestiondecobranza_cheque1_idx` (`cheque_id` ASC),
  INDEX `fk_gestiondecobranza_user1_idx` (`user_id` ASC),
  CONSTRAINT `fk_gestiondecobranza_cheque1`
    FOREIGN KEY (`cheque_id`)
    REFERENCES `granjagalonesentrega`.`cheques` (`id`)
    ON DELETE CASCADE
    ON UPDATE CASCADE,
  CONSTRAINT `fk_gestiondecobranza_user1`
    FOREIGN KEY (`user_id`)
    REFERENCES `granjagalonesentrega`.`users` (`id`)
    ON DELETE CASCADE
    ON UPDATE CASCADE)
ENGINE = InnoDB;


-- -----------------------------------------------------
-- Table `granjagalonesentrega`.`descuento`
-- -----------------------------------------------------
CREATE TABLE IF NOT EXISTS `granjagalonesentrega`.`descuento` (
  `id` INT NOT NULL AUTO_INCREMENT,
  `montodescuento` INT NOT NULL,
  `fecha` DATETIME NOT NULL,
  `razon` VARCHAR(45) NULL,
  `cheques_id` INT NOT NULL,
  `users_id` INT NOT NULL,
  PRIMARY KEY (`id`),
  INDEX `fk_descuento_cheques1_idx` (`cheques_id` ASC),
  INDEX `fk_descuento_users1_idx` (`users_id` ASC),
  CONSTRAINT `fk_descuento_cheques1`
    FOREIGN KEY (`cheques_id`)
    REFERENCES `granjagalonesentrega`.`cheques` (`id`)
    ON DELETE CASCADE
    ON UPDATE CASCADE,
  CONSTRAINT `fk_descuento_users1`
    FOREIGN KEY (`users_id`)
    REFERENCES `granjagalonesentrega`.`users` (`id`)
    ON DELETE CASCADE
    ON UPDATE CASCADE)
ENGINE = InnoDB;


-- -----------------------------------------------------
-- Table `granjagalonesentrega`.`pagoterceros`
-- -----------------------------------------------------
CREATE TABLE IF NOT EXISTS `granjagalonesentrega`.`pagoterceros` (
  `id` INT NOT NULL AUTO_INCREMENT,
  `created` DATE NULL,
  `dia` VARCHAR(45) NOT NULL,
  `monto` INT NOT NULL,
  `conceptode` VARCHAR(45) NOT NULL,
  `cliente_id` INT NOT NULL,
  `cliente_id1` INT NOT NULL,
  `cheque_id` INT NULL,
  `user_id` INT NOT NULL,
  `modified` DATETIME NULL,
  PRIMARY KEY (`id`),
  INDEX `fk_pagotercero_cliente1_idx` (`cliente_id` ASC),
  INDEX `fk_pagotercero_cliente2_idx` (`cliente_id1` ASC),
  INDEX `fk_pagotercero_cheque1_idx` (`cheque_id` ASC),
  INDEX `fk_pagotercero_user1_idx` (`user_id` ASC),
  CONSTRAINT `fk_pagotercero_cliente1`
    FOREIGN KEY (`cliente_id`)
    REFERENCES `granjagalonesentrega`.`clientes` (`id`)
    ON DELETE CASCADE
    ON UPDATE CASCADE,
  CONSTRAINT `fk_pagotercero_cliente2`
    FOREIGN KEY (`cliente_id1`)
    REFERENCES `granjagalonesentrega`.`clientes` (`id`)
    ON DELETE CASCADE
    ON UPDATE CASCADE,
  CONSTRAINT `fk_pagotercero_cheque1`
    FOREIGN KEY (`cheque_id`)
    REFERENCES `granjagalonesentrega`.`cheques` (`id`)
    ON DELETE CASCADE
    ON UPDATE CASCADE,
  CONSTRAINT `fk_pagotercero_user1`
    FOREIGN KEY (`user_id`)
    REFERENCES `granjagalonesentrega`.`users` (`id`)
    ON DELETE CASCADE
    ON UPDATE CASCADE)
ENGINE = InnoDB;


-- -----------------------------------------------------
-- Table `granjagalonesentrega`.`cuentaspropias`
-- -----------------------------------------------------
CREATE TABLE IF NOT EXISTS `granjagalonesentrega`.`cuentaspropias` (
  `id` INT NOT NULL AUTO_INCREMENT,
  `nrocuenta` VARCHAR(20) NOT NULL,
  `nombretitular` VARCHAR(100) NOT NULL,
  `correotitular` VARCHAR(45) NOT NULL,
  `cedulatitular` VARCHAR(45) NOT NULL,
  `banco_id` INT NOT NULL,
  PRIMARY KEY (`id`),
  INDEX `fk_cuentaspropias_bancos1_idx` (`banco_id` ASC),
  CONSTRAINT `fk_cuentaspropias_bancos1`
    FOREIGN KEY (`banco_id`)
    REFERENCES `granjagalonesentrega`.`bancos` (`id`)
    ON DELETE NO ACTION
    ON UPDATE NO ACTION)
ENGINE = InnoDB;


-- -----------------------------------------------------
-- Table `granjagalonesentrega`.`estadocheques`
-- -----------------------------------------------------
CREATE TABLE IF NOT EXISTS `granjagalonesentrega`.`estadocheques` (
  `id` INT NOT NULL AUTO_INCREMENT,
  `nombre` VARCHAR(45) NOT NULL,
  `nomenclatura` VARCHAR(45) NOT NULL,
  `descripcion` VARCHAR(45) NULL,
  `user_id` INT NOT NULL,
  PRIMARY KEY (`id`),
  INDEX `fk_estadocheque_user1_idx` (`user_id` ASC),
  CONSTRAINT `fk_estadocheque_user1`
    FOREIGN KEY (`user_id`)
    REFERENCES `granjagalonesentrega`.`users` (`id`)
    ON DELETE CASCADE
    ON UPDATE CASCADE)
ENGINE = InnoDB;


-- -----------------------------------------------------
-- Table `granjagalonesentrega`.`cheque_estadocheques`
-- -----------------------------------------------------
CREATE TABLE IF NOT EXISTS `granjagalonesentrega`.`cheque_estadocheques` (
  `id` INT NOT NULL AUTO_INCREMENT,
  `created` DATETIME NULL,
  `cheque_id` INT NULL,
  `estadocheque_id` INT NULL,
  `user_id` INT NOT NULL,
  PRIMARY KEY (`id`),
  INDEX `fk_cheque_estadocheque_cheque1_idx` (`cheque_id` ASC),
  INDEX `fk_cheque_estadocheque_estadocheque1_idx` (`estadocheque_id` ASC),
  INDEX `fk_cheque_estadocheque_user1_idx` (`user_id` ASC),
  CONSTRAINT `fk_cheque_estadocheque_cheque1`
    FOREIGN KEY (`cheque_id`)
    REFERENCES `granjagalonesentrega`.`cheques` (`id`)
    ON DELETE CASCADE
    ON UPDATE CASCADE,
  CONSTRAINT `fk_cheque_estadocheque_estadocheque1`
    FOREIGN KEY (`estadocheque_id`)
    REFERENCES `granjagalonesentrega`.`estadocheques` (`id`)
    ON DELETE CASCADE
    ON UPDATE CASCADE,
  CONSTRAINT `fk_cheque_estadocheque_user1`
    FOREIGN KEY (`user_id`)
    REFERENCES `granjagalonesentrega`.`users` (`id`)
    ON DELETE CASCADE
    ON UPDATE CASCADE)
ENGINE = InnoDB;


-- -----------------------------------------------------
-- Table `granjagalonesentrega`.`pagos`
-- -----------------------------------------------------
CREATE TABLE IF NOT EXISTS `granjagalonesentrega`.`pagos` (
  `id` INT NOT NULL AUTO_INCREMENT,
  `created` DATETIME NULL,
  `monto` INT NOT NULL,
  `conceptode` TEXT NOT NULL,
  `edodeuda` INT NULL,
  `pagointerese_deuda` INT NULL,
  `cheque_id` INT NULL,
  `tipopago_id` INT NULL,
  `pagotercero_id` INT NULL,
  `user_id` INT NOT NULL,
  `nrotransferencia` VARCHAR(45) NULL COMMENT 'En caso de ser un deposito o una transferencia bancaria',
  `cuentaspropia_id` INT NULL,
  `cliente_id` INT NULL,
  `cheque_estadocheque_id` INT NULL,
  PRIMARY KEY (`id`),
  INDEX `fk_pago_tipopago1_idx` (`tipopago_id` ASC),
  INDEX `fk_pago_pagotercero1_idx` (`pagotercero_id` ASC),
  INDEX `fk_pago_user1_idx` (`user_id` ASC),
  INDEX `fk_pagos_cheques1_idx` (`cheque_id` ASC),
  INDEX `fk_pagos_cuentaspropias1_idx` (`cuentaspropia_id` ASC),
  INDEX `fk_pagos_clientes1_idx` (`cliente_id` ASC),
  INDEX `fk_pagos_cheque_estadocheques1_idx` (`cheque_estadocheque_id` ASC),
  CONSTRAINT `fk_pago_tipopago1`
    FOREIGN KEY (`tipopago_id`)
    REFERENCES `granjagalonesentrega`.`tipopagos` (`id`)
    ON DELETE CASCADE
    ON UPDATE CASCADE,
  CONSTRAINT `fk_pago_pagotercero1`
    FOREIGN KEY (`pagotercero_id`)
    REFERENCES `granjagalonesentrega`.`pagoterceros` (`id`)
    ON DELETE CASCADE
    ON UPDATE CASCADE,
  CONSTRAINT `fk_pago_user1`
    FOREIGN KEY (`user_id`)
    REFERENCES `granjagalonesentrega`.`users` (`id`)
    ON DELETE CASCADE
    ON UPDATE CASCADE,
  CONSTRAINT `fk_pagos_cheques1`
    FOREIGN KEY (`cheque_id`)
    REFERENCES `granjagalonesentrega`.`cheques` (`id`)
    ON DELETE CASCADE
    ON UPDATE CASCADE,
  CONSTRAINT `fk_pagos_cuentaspropias1`
    FOREIGN KEY (`cuentaspropia_id`)
    REFERENCES `granjagalonesentrega`.`cuentaspropias` (`id`)
    ON DELETE CASCADE
    ON UPDATE CASCADE,
  CONSTRAINT `fk_pagos_clientes1`
    FOREIGN KEY (`cliente_id`)
    REFERENCES `granjagalonesentrega`.`clientes` (`id`)
    ON DELETE CASCADE
    ON UPDATE CASCADE,
  CONSTRAINT `fk_pagos_cheque_estadocheques1`
    FOREIGN KEY (`cheque_estadocheque_id`)
    REFERENCES `granjagalonesentrega`.`cheque_estadocheques` (`id`)
    ON DELETE CASCADE
    ON UPDATE CASCADE)
ENGINE = InnoDB;


-- -----------------------------------------------------
-- Table `granjagalonesentrega`.`chequeinterese`
-- -----------------------------------------------------
CREATE TABLE IF NOT EXISTS `granjagalonesentrega`.`chequeinterese` (
  `id` INT NOT NULL AUTO_INCREMENT,
  `montocheque` INT NOT NULL,
  `montodescuentointeres` INT NOT NULL,
  `montoentregado` INT NOT NULL,
  `estadocheque` INT NULL,
  `created` DATETIME NULL,
  `modified` DATETIME NULL,
  `cheque_id` INT NULL,
  `user_id` INT NOT NULL,
  `descuento_id` INT NULL COMMENT 'Cuando se hace un descuento y desea modificarse es necesario llevar este registro para recalcular el historico de las deudas del cheque',
  `modificado` DATE NULL,
  `pago_id` INT NULL COMMENT 'Pago_id para saber desde donde se tiene que modificar chequeinteres cuando se modifica el pago',
  PRIMARY KEY (`id`),
  INDEX `fk_chequeinterese_cheque1_idx` (`cheque_id` ASC),
  INDEX `fk_chequeinterese_user1_idx` (`user_id` ASC),
  INDEX `fk_chequeinterese_descuento1_idx` (`descuento_id` ASC),
  INDEX `fk_chequeinterese_pagos1_idx` (`pago_id` ASC),
  CONSTRAINT `fk_chequeinterese_cheque1`
    FOREIGN KEY (`cheque_id`)
    REFERENCES `granjagalonesentrega`.`cheques` (`id`)
    ON DELETE CASCADE
    ON UPDATE CASCADE,
  CONSTRAINT `fk_chequeinterese_user1`
    FOREIGN KEY (`user_id`)
    REFERENCES `granjagalonesentrega`.`users` (`id`)
    ON DELETE CASCADE
    ON UPDATE CASCADE,
  CONSTRAINT `fk_chequeinterese_descuento1`
    FOREIGN KEY (`descuento_id`)
    REFERENCES `granjagalonesentrega`.`descuento` (`id`)
    ON DELETE CASCADE
    ON UPDATE CASCADE,
  CONSTRAINT `fk_chequeinterese_pagos1`
    FOREIGN KEY (`pago_id`)
    REFERENCES `granjagalonesentrega`.`pagos` (`id`)
    ON DELETE NO ACTION
    ON UPDATE NO ACTION)
ENGINE = InnoDB;


-- -----------------------------------------------------
-- Table `granjagalonesentrega`.`transacciones`
-- -----------------------------------------------------
CREATE TABLE IF NOT EXISTS `granjagalonesentrega`.`transacciones` (
  `id` INT NOT NULL AUTO_INCREMENT,
  `nombre` VARCHAR(45) NULL,
  `descri` VARCHAR(45) NULL,
  PRIMARY KEY (`id`))
ENGINE = InnoDB;


-- -----------------------------------------------------
-- Table `granjagalonesentrega`.`transaccion_clientes`
-- -----------------------------------------------------
CREATE TABLE IF NOT EXISTS `granjagalonesentrega`.`transaccion_clientes` (
  `id` INT NOT NULL AUTO_INCREMENT COMMENT 'Tabla de totales',
  `transaccione_id` INT NOT NULL,
  `cliente_id` INT NOT NULL,
  `fecha` DATETIME NOT NULL,
  `suma` INT NULL COMMENT 'Lo que suma',
  `resta` INT NULL COMMENT 'Los monto que restan',
  `realizado` INT NULL,
  `descripcion` TEXT NULL,
  INDEX `fk_servicios_has_clientes_clientes1_idx` (`cliente_id` ASC),
  INDEX `fk_servicios_has_clientes_servicios1_idx` (`transaccione_id` ASC),
  PRIMARY KEY (`id`),
  CONSTRAINT `fk_servicios_has_clientes_servicios1`
    FOREIGN KEY (`transaccione_id`)
    REFERENCES `granjagalonesentrega`.`transacciones` (`id`)
    ON DELETE NO ACTION
    ON UPDATE NO ACTION,
  CONSTRAINT `fk_servicios_has_clientes_clientes1`
    FOREIGN KEY (`cliente_id`)
    REFERENCES `granjagalonesentrega`.`clientes` (`id`)
    ON DELETE NO ACTION
    ON UPDATE NO ACTION)
ENGINE = InnoDB;


-- -----------------------------------------------------
-- Table `granjagalonesentrega`.`bitacora`
-- -----------------------------------------------------
CREATE TABLE IF NOT EXISTS `granjagalonesentrega`.`bitacora` (
  `id` INT NOT NULL AUTO_INCREMENT,
  `operacion` VARCHAR(45) NOT NULL,
  `tabla` VARCHAR(45) NOT NULL,
  `fechamodificado` DATETIME NOT NULL,
  `enlace` VARCHAR(45) NOT NULL,
  `user_id` INT NOT NULL,
  PRIMARY KEY (`id`),
  INDEX `fk_bitacora_users1_idx` (`user_id` ASC),
  CONSTRAINT `fk_bitacora_users1`
    FOREIGN KEY (`user_id`)
    REFERENCES `granjagalonesentrega`.`users` (`id`)
    ON DELETE NO ACTION
    ON UPDATE NO ACTION)
ENGINE = InnoDB;


-- -----------------------------------------------------
-- Table `granjagalonesentrega`.`depositos`
-- -----------------------------------------------------
CREATE TABLE IF NOT EXISTS `granjagalonesentrega`.`depositos` (
  `id` INT NOT NULL AUTO_INCREMENT,
  `monto` INT NOT NULL,
  `nroreferencia` VARCHAR(45) NOT NULL,
  `realizado` INT NULL,
  `cuenta_id` INT NOT NULL,
  `cuenta_id1` INT NULL,
  `cliente_id` INT NOT NULL,
  `user_id` INT NOT NULL,
  PRIMARY KEY (`id`),
  INDEX `fk_depositos_cuentas1_idx` (`cuenta_id` ASC),
  INDEX `fk_depositos_cuentas2_idx` (`cuenta_id1` ASC),
  INDEX `fk_depositos_clientes1_idx` (`cliente_id` ASC),
  INDEX `fk_depositos_users1_idx` (`user_id` ASC),
  CONSTRAINT `fk_depositos_cuentas1`
    FOREIGN KEY (`cuenta_id`)
    REFERENCES `granjagalonesentrega`.`cuentas` (`id`)
    ON DELETE CASCADE
    ON UPDATE CASCADE,
  CONSTRAINT `fk_depositos_cuentas2`
    FOREIGN KEY (`cuenta_id1`)
    REFERENCES `granjagalonesentrega`.`cuentas` (`id`)
    ON DELETE CASCADE
    ON UPDATE CASCADE,
  CONSTRAINT `fk_depositos_clientes1`
    FOREIGN KEY (`cliente_id`)
    REFERENCES `granjagalonesentrega`.`clientes` (`id`)
    ON DELETE CASCADE
    ON UPDATE CASCADE,
  CONSTRAINT `fk_depositos_users1`
    FOREIGN KEY (`user_id`)
    REFERENCES `granjagalonesentrega`.`users` (`id`)
    ON DELETE CASCADE
    ON UPDATE CASCADE)
ENGINE = InnoDB;


-- -----------------------------------------------------
-- Table `granjagalonesentrega`.`servicios`
-- -----------------------------------------------------
CREATE TABLE IF NOT EXISTS `granjagalonesentrega`.`servicios` (
  `id` INT NOT NULL AUTO_INCREMENT,
  `nombre` VARCHAR(45) NOT NULL,
  `descri` VARCHAR(45) NULL,
  `monto` INT NULL,
  `users_id` INT NOT NULL,
  PRIMARY KEY (`id`),
  INDEX `fk_servicios_users1_idx` (`users_id` ASC),
  CONSTRAINT `fk_servicios_users1`
    FOREIGN KEY (`users_id`)
    REFERENCES `granjagalonesentrega`.`users` (`id`)
    ON DELETE CASCADE
    ON UPDATE CASCADE)
ENGINE = InnoDB;


-- -----------------------------------------------------
-- Table `granjagalonesentrega`.`servicio_cliente`
-- -----------------------------------------------------
CREATE TABLE IF NOT EXISTS `granjagalonesentrega`.`servicio_cliente` (
  `id` INT NOT NULL AUTO_INCREMENT,
  `fecha` DATETIME NULL,
  `realizado` INT NULL,
  `monto` INT NULL,
  `observacion` VARCHAR(45) NULL,
  `cliente_id` INT NOT NULL,
  `servicio_id` INT NOT NULL,
  `users_id` INT NOT NULL,
  PRIMARY KEY (`id`),
  INDEX `fk_servicio_cliente_clientes1_idx` (`cliente_id` ASC),
  INDEX `fk_servicio_cliente_servicios1_idx` (`servicio_id` ASC),
  INDEX `fk_servicio_cliente_users1_idx` (`users_id` ASC),
  CONSTRAINT `fk_servicio_cliente_clientes1`
    FOREIGN KEY (`cliente_id`)
    REFERENCES `granjagalonesentrega`.`clientes` (`id`)
    ON DELETE CASCADE
    ON UPDATE CASCADE,
  CONSTRAINT `fk_servicio_cliente_servicios1`
    FOREIGN KEY (`servicio_id`)
    REFERENCES `granjagalonesentrega`.`servicios` (`id`)
    ON DELETE CASCADE
    ON UPDATE CASCADE,
  CONSTRAINT `fk_servicio_cliente_users1`
    FOREIGN KEY (`users_id`)
    REFERENCES `granjagalonesentrega`.`users` (`id`)
    ON DELETE CASCADE
    ON UPDATE CASCADE)
ENGINE = InnoDB;


-- -----------------------------------------------------
-- Table `granjagalonesentrega`.`montocuentas`
-- -----------------------------------------------------
CREATE TABLE IF NOT EXISTS `granjagalonesentrega`.`montocuentas` (
  `id` INT NOT NULL AUTO_INCREMENT,
  `monto` FLOAT(12,2) NOT NULL,
  `fecha` DATETIME NULL,
  `cuentaspropia_id` INT NOT NULL,
  `observacion` VARCHAR(100) NULL,
  PRIMARY KEY (`id`),
  INDEX `fk_monto_cuentaspropias1_idx` (`cuentaspropia_id` ASC),
  CONSTRAINT `fk_monto_cuentaspropias1`
    FOREIGN KEY (`cuentaspropia_id`)
    REFERENCES `granjagalonesentrega`.`cuentaspropias` (`id`)
    ON DELETE NO ACTION
    ON UPDATE NO ACTION)
ENGINE = InnoDB;


-- -----------------------------------------------------
-- Table `granjagalonesentrega`.`cuentasporpagar`
-- -----------------------------------------------------
CREATE TABLE IF NOT EXISTS `granjagalonesentrega`.`cuentasporpagar` (
  `id` INT NOT NULL AUTO_INCREMENT,
  `descri` VARCHAR(45) NOT NULL,
  `monto` INT NULL,
  `fecharegistro` DATETIME NULL,
  `fechalimite` DATETIME NULL,
  `user_id` INT NOT NULL,
  PRIMARY KEY (`id`),
  INDEX `fk_cuentasporpagar_users1_idx` (`user_id` ASC),
  CONSTRAINT `fk_cuentasporpagar_users1`
    FOREIGN KEY (`user_id`)
    REFERENCES `granjagalonesentrega`.`users` (`id`)
    ON DELETE NO ACTION
    ON UPDATE NO ACTION)
ENGINE = InnoDB;


-- -----------------------------------------------------
-- Table `granjagalonesentrega`.`tipoinventario`
-- -----------------------------------------------------
CREATE TABLE IF NOT EXISTS `granjagalonesentrega`.`tipoinventario` (
  `id` INT NOT NULL AUTO_INCREMENT,
  `nombre` VARCHAR(45) NULL,
  `descripcion` VARCHAR(45) NULL,
  PRIMARY KEY (`id`))
ENGINE = InnoDB;


-- -----------------------------------------------------
-- Table `granjagalonesentrega`.`inventario`
-- -----------------------------------------------------
CREATE TABLE IF NOT EXISTS `granjagalonesentrega`.`inventario` (
  `id` INT NOT NULL AUTO_INCREMENT,
  `nombre` VARCHAR(45) NULL,
  `descripcion` VARCHAR(45) NULL,
  `valorestimado` INT NULL,
  `tipoinventario_id` INT NOT NULL,
  `fecharegistro` DATETIME NULL,
  PRIMARY KEY (`id`),
  INDEX `fk_inventario_tipoinventario1_idx` (`tipoinventario_id` ASC),
  CONSTRAINT `fk_inventario_tipoinventario1`
    FOREIGN KEY (`tipoinventario_id`)
    REFERENCES `granjagalonesentrega`.`tipoinventario` (`id`)
    ON DELETE NO ACTION
    ON UPDATE NO ACTION)
ENGINE = InnoDB;


-- -----------------------------------------------------
-- Table `granjagalonesentrega`.`tipogastos`
-- -----------------------------------------------------
CREATE TABLE IF NOT EXISTS `granjagalonesentrega`.`tipogastos` (
  `id` INT NOT NULL AUTO_INCREMENT,
  `nombre` VARCHAR(45) NOT NULL,
  `descri` VARCHAR(45) NULL,
  PRIMARY KEY (`id`))
ENGINE = InnoDB;


-- -----------------------------------------------------
-- Table `granjagalonesentrega`.`cierrecaja`
-- -----------------------------------------------------
CREATE TABLE IF NOT EXISTS `granjagalonesentrega`.`cierrecaja` (
  `id` INT NOT NULL AUTO_INCREMENT,
  `fecha` VARCHAR(45) NULL,
  `montototal` VARCHAR(45) NULL,
  `user_id` INT NOT NULL,
  PRIMARY KEY (`id`),
  INDEX `fk_cierrecaja_users1_idx` (`user_id` ASC),
  CONSTRAINT `fk_cierrecaja_users1`
    FOREIGN KEY (`user_id`)
    REFERENCES `granjagalonesentrega`.`users` (`id`)
    ON DELETE NO ACTION
    ON UPDATE NO ACTION)
ENGINE = InnoDB;


-- -----------------------------------------------------
-- Table `granjagalonesentrega`.`gastos`
-- -----------------------------------------------------
CREATE TABLE IF NOT EXISTS `granjagalonesentrega`.`gastos` (
  `id` INT NOT NULL AUTO_INCREMENT,
  `monto` INT NULL,
  `observacion` VARCHAR(45) NULL,
  `fecha` DATETIME NULL,
  `tipogasto_id` INT NOT NULL,
  `cierrecaja_id` INT NULL,
  `cuentaspropia_id` INT NULL,
  PRIMARY KEY (`id`),
  INDEX `fk_gastos_tipogastos1_idx` (`tipogasto_id` ASC),
  INDEX `fk_gastos_cierrecaja1_idx` (`cierrecaja_id` ASC),
  INDEX `fk_gastos_cuentaspropias1_idx` (`cuentaspropia_id` ASC),
  CONSTRAINT `fk_gastos_tipogastos1`
    FOREIGN KEY (`tipogasto_id`)
    REFERENCES `granjagalonesentrega`.`tipogastos` (`id`)
    ON DELETE NO ACTION
    ON UPDATE NO ACTION,
  CONSTRAINT `fk_gastos_cierrecaja1`
    FOREIGN KEY (`cierrecaja_id`)
    REFERENCES `granjagalonesentrega`.`cierrecaja` (`id`)
    ON DELETE NO ACTION
    ON UPDATE NO ACTION,
  CONSTRAINT `fk_gastos_cuentaspropias1`
    FOREIGN KEY (`cuentaspropia_id`)
    REFERENCES `granjagalonesentrega`.`cuentaspropias` (`id`)
    ON DELETE NO ACTION
    ON UPDATE NO ACTION)
ENGINE = InnoDB;


-- -----------------------------------------------------
-- Table `granjagalonesentrega`.`denominacionbilletes`
-- -----------------------------------------------------
CREATE TABLE IF NOT EXISTS `granjagalonesentrega`.`denominacionbilletes` (
  `id` INT NOT NULL AUTO_INCREMENT,
  `nombre` VARCHAR(45) NOT NULL,
  `valor` INT NULL,
  PRIMARY KEY (`id`))
ENGINE = InnoDB;


-- -----------------------------------------------------
-- Table `granjagalonesentrega`.`cajabilletes`
-- -----------------------------------------------------
CREATE TABLE IF NOT EXISTS `granjagalonesentrega`.`cajabilletes` (
  `id` INT NOT NULL AUTO_INCREMENT,
  `cantidad` INT NULL,
  `cierrecaja_id` INT NOT NULL,
  `denominacionbillete_id` INT NOT NULL,
  PRIMARY KEY (`id`),
  INDEX `fk_cajabilletes_cierrecaja1_idx` (`cierrecaja_id` ASC),
  INDEX `fk_cajabilletes_denominacionbilletes1_idx` (`denominacionbillete_id` ASC),
  CONSTRAINT `fk_cajabilletes_cierrecaja1`
    FOREIGN KEY (`cierrecaja_id`)
    REFERENCES `granjagalonesentrega`.`cierrecaja` (`id`)
    ON DELETE NO ACTION
    ON UPDATE NO ACTION,
  CONSTRAINT `fk_cajabilletes_denominacionbilletes1`
    FOREIGN KEY (`denominacionbillete_id`)
    REFERENCES `granjagalonesentrega`.`denominacionbilletes` (`id`)
    ON DELETE NO ACTION
    ON UPDATE NO ACTION)
ENGINE = InnoDB;


-- -----------------------------------------------------
-- Table `granjagalonesentrega`.`tipoingreso`
-- -----------------------------------------------------
CREATE TABLE IF NOT EXISTS `granjagalonesentrega`.`tipoingreso` (
  `id` INT NOT NULL AUTO_INCREMENT,
  `descri` VARCHAR(45) NOT NULL,
  PRIMARY KEY (`id`))
ENGINE = InnoDB;


-- -----------------------------------------------------
-- Table `granjagalonesentrega`.`ingreso`
-- -----------------------------------------------------
CREATE TABLE IF NOT EXISTS `granjagalonesentrega`.`ingreso` (
  `id` INT NOT NULL AUTO_INCREMENT,
  `monto` INT NOT NULL,
  `observacion` VARCHAR(45) NULL,
  `tipoingreso_id` INT NOT NULL,
  `cierrecaja_id` INT NULL,
  `cuentaspropia_id` INT NULL,
  PRIMARY KEY (`id`),
  INDEX `fk_ingreso_tipoingreso1_idx` (`tipoingreso_id` ASC),
  INDEX `fk_ingreso_cierrecaja1_idx` (`cierrecaja_id` ASC),
  INDEX `fk_ingreso_cuentaspropias1_idx` (`cuentaspropia_id` ASC),
  CONSTRAINT `fk_ingreso_tipoingreso1`
    FOREIGN KEY (`tipoingreso_id`)
    REFERENCES `granjagalonesentrega`.`tipoingreso` (`id`)
    ON DELETE NO ACTION
    ON UPDATE NO ACTION,
  CONSTRAINT `fk_ingreso_cierrecaja1`
    FOREIGN KEY (`cierrecaja_id`)
    REFERENCES `granjagalonesentrega`.`cierrecaja` (`id`)
    ON DELETE NO ACTION
    ON UPDATE NO ACTION,
  CONSTRAINT `fk_ingreso_cuentaspropias1`
    FOREIGN KEY (`cuentaspropia_id`)
    REFERENCES `granjagalonesentrega`.`cuentaspropias` (`id`)
    ON DELETE NO ACTION
    ON UPDATE NO ACTION)
ENGINE = InnoDB;


-- -----------------------------------------------------
-- Table `granjagalonesentrega`.`depositocaja`
-- -----------------------------------------------------
CREATE TABLE IF NOT EXISTS `granjagalonesentrega`.`depositocaja` (
  `id` INT NOT NULL AUTO_INCREMENT,
  `monto` FLOAT(12,2) NULL,
  `cierrecaja_id` INT NOT NULL,
  `cuentaspropia_id` INT NOT NULL,
  `nroplanilla` VARCHAR(45) NULL,
  PRIMARY KEY (`id`),
  INDEX `fk_depositocaja_cierrecaja1_idx` (`cierrecaja_id` ASC),
  INDEX `fk_depositocaja_cuentaspropias1_idx` (`cuentaspropia_id` ASC),
  CONSTRAINT `fk_depositocaja_cierrecaja1`
    FOREIGN KEY (`cierrecaja_id`)
    REFERENCES `granjagalonesentrega`.`cierrecaja` (`id`)
    ON DELETE NO ACTION
    ON UPDATE NO ACTION,
  CONSTRAINT `fk_depositocaja_cuentaspropias1`
    FOREIGN KEY (`cuentaspropia_id`)
    REFERENCES `granjagalonesentrega`.`cuentaspropias` (`id`)
    ON DELETE NO ACTION
    ON UPDATE NO ACTION)
ENGINE = InnoDB;


-- -----------------------------------------------------
-- Table `granjagalonesentrega`.`chequespropios`
-- -----------------------------------------------------
CREATE TABLE IF NOT EXISTS `granjagalonesentrega`.`chequespropios` (
  `id` INT NOT NULL AUTO_INCREMENT,
  `recibido` INT NULL COMMENT 'Recibido 0 ' /* comment truncated */ /*Entregado 1*/,
  `cobrado` INT NULL COMMENT '0 devuelto' /* comment truncated */ /*1 por cobrar
2 cobrado*/,
  `monto` FLOAT(12,2) NULL,
  `nrocheque` VARCHAR(10) NULL,
  `nrocuenta` VARCHAR(20) NULL,
  `cuentaspropia_id` INT NULL,
  PRIMARY KEY (`id`),
  INDEX `fk_chequespropios_cuentaspropias1_idx` (`cuentaspropia_id` ASC),
  CONSTRAINT `fk_chequespropios_cuentaspropias1`
    FOREIGN KEY (`cuentaspropia_id`)
    REFERENCES `granjagalonesentrega`.`cuentaspropias` (`id`)
    ON DELETE NO ACTION
    ON UPDATE NO ACTION)
ENGINE = InnoDB;


-- -----------------------------------------------------
-- Table `granjagalonesentrega`.`transaccioncuentas`
-- -----------------------------------------------------
CREATE TABLE IF NOT EXISTS `granjagalonesentrega`.`transaccioncuentas` (
  `id` INT NOT NULL AUTO_INCREMENT,
  `monto` FLOAT(12,2) NULL,
  `deposito` INT NULL COMMENT '0 retiro' /* comment truncated */ /*1 deposito
2 transferencia*/,
  `cuentaspropia_id` INT NOT NULL,
  `nroreferencia` VARCHAR(45) NULL,
  `fecha` DATETIME NULL,
  `cuentaspropias_id` INT NOT NULL,
  PRIMARY KEY (`id`),
  INDEX `fk_transaccioncuenta_cuentaspropias1_idx` (`cuentaspropia_id` ASC),
  INDEX `fk_transaccioncuenta_cuentaspropias2_idx` (`cuentaspropias_id` ASC),
  CONSTRAINT `fk_transaccioncuenta_cuentaspropias1`
    FOREIGN KEY (`cuentaspropia_id`)
    REFERENCES `granjagalonesentrega`.`cuentaspropias` (`id`)
    ON DELETE NO ACTION
    ON UPDATE NO ACTION,
  CONSTRAINT `fk_transaccioncuenta_cuentaspropias2`
    FOREIGN KEY (`cuentaspropias_id`)
    REFERENCES `granjagalonesentrega`.`cuentaspropias` (`id`)
    ON DELETE NO ACTION
    ON UPDATE NO ACTION)
ENGINE = InnoDB;


-- -----------------------------------------------------
-- Table `granjagalonesentrega`.`transaccionprestamointeres`
-- -----------------------------------------------------
CREATE TABLE IF NOT EXISTS `granjagalonesentrega`.`transaccionprestamointeres` (
  `id` INT NOT NULL AUTO_INCREMENT,
  `prestamo_id` INT NOT NULL,
  `montointeres` INT NOT NULL,
  `fecha` DATETIME NULL,
  `montodeuda` FLOAT NOT NULL,
  `pagodeprestamo_id` INT NOT NULL,
  PRIMARY KEY (`id`),
  INDEX `fk_transaccionprestamointeres_prestamo1_idx` (`prestamo_id` ASC),
  INDEX `fk_transaccionprestamointeres_pagodeprestamo1_idx` (`pagodeprestamo_id` ASC),
  CONSTRAINT `fk_transaccionprestamointeres_prestamo1`
    FOREIGN KEY (`prestamo_id`)
    REFERENCES `granjagalonesentrega`.`prestamo` (`id`)
    ON DELETE NO ACTION
    ON UPDATE NO ACTION,
  CONSTRAINT `fk_transaccionprestamointeres_pagodeprestamo1`
    FOREIGN KEY (`pagodeprestamo_id`)
    REFERENCES `granjagalonesentrega`.`pagodeprestamo` (`id`)
    ON DELETE NO ACTION
    ON UPDATE NO ACTION)
ENGINE = InnoDB;


-- -----------------------------------------------------
-- Table `granjagalonesentrega`.`acos`
-- -----------------------------------------------------
CREATE TABLE IF NOT EXISTS `granjagalonesentrega`.`acos` (
  `id` INT(10) NOT NULL AUTO_INCREMENT,
  `parent_id` INT(10) NULL DEFAULT NULL,
  `model` VARCHAR(255) NULL DEFAULT NULL,
  `foreign_key` INT(10) NULL DEFAULT NULL,
  `alias` VARCHAR(255) NULL DEFAULT NULL,
  `lft` INT(10) NULL DEFAULT NULL,
  `rght` INT(10) NULL DEFAULT NULL,
  PRIMARY KEY (`id`))
ENGINE = InnoDB
AUTO_INCREMENT = 142
DEFAULT CHARACTER SET = utf8;


-- -----------------------------------------------------
-- Table `granjagalonesentrega`.`aros`
-- -----------------------------------------------------
CREATE TABLE IF NOT EXISTS `granjagalonesentrega`.`aros` (
  `id` INT(10) NOT NULL AUTO_INCREMENT,
  `parent_id` INT(10) NULL DEFAULT NULL,
  `model` VARCHAR(255) NULL DEFAULT NULL,
  `foreign_key` INT(10) NULL DEFAULT NULL,
  `alias` VARCHAR(255) NULL DEFAULT NULL,
  `lft` INT(10) NULL DEFAULT NULL,
  `rght` INT(10) NULL DEFAULT NULL,
  PRIMARY KEY (`id`))
ENGINE = InnoDB
AUTO_INCREMENT = 16
DEFAULT CHARACTER SET = utf8;


-- -----------------------------------------------------
-- Table `granjagalonesentrega`.`aros_acos`
-- -----------------------------------------------------
CREATE TABLE IF NOT EXISTS `granjagalonesentrega`.`aros_acos` (
  `id` INT(10) NOT NULL AUTO_INCREMENT,
  `aro_id` INT(10) NOT NULL,
  `aco_id` INT(10) NOT NULL,
  `_create` VARCHAR(2) NOT NULL DEFAULT '0',
  `_read` VARCHAR(2) NOT NULL DEFAULT '0',
  `_update` VARCHAR(2) NOT NULL DEFAULT '0',
  `_delete` VARCHAR(2) NOT NULL DEFAULT '0',
  PRIMARY KEY (`id`),
  INDEX `fk_aros_acos_acos1_idx` (`aco_id` ASC),
  INDEX `fk_aros_acos_aros1_idx` (`aro_id` ASC),
  CONSTRAINT `fk_aros_acos_acos1`
    FOREIGN KEY (`aco_id`)
    REFERENCES `granjagalonesentrega`.`acos` (`id`)
    ON DELETE NO ACTION
    ON UPDATE NO ACTION,
  CONSTRAINT `fk_aros_acos_aros1`
    FOREIGN KEY (`aro_id`)
    REFERENCES `granjagalonesentrega`.`aros` (`id`)
    ON DELETE NO ACTION
    ON UPDATE NO ACTION)
ENGINE = InnoDB
AUTO_INCREMENT = 85
DEFAULT CHARACTER SET = utf8;


-- -----------------------------------------------------
-- Table `granjagalonesentrega`.`gestiondecobranzaprestamo`
-- -----------------------------------------------------
CREATE TABLE IF NOT EXISTS `granjagalonesentrega`.`gestiondecobranzaprestamo` (
  `id` INT NOT NULL AUTO_INCREMENT,
  `created` DATE NULL,
  `descripcion` TEXT NOT NULL,
  `prestamo_id` INT NOT NULL,
  INDEX `fk_gestiondecobranzaprestamo_prestamo1_idx` (`prestamo_id` ASC),
  PRIMARY KEY (`id`),
  CONSTRAINT `fk_gestiondecobranzaprestamo_prestamo1`
    FOREIGN KEY (`prestamo_id`)
    REFERENCES `granjagalonesentrega`.`prestamo` (`id`)
    ON DELETE NO ACTION
    ON UPDATE NO ACTION)
ENGINE = InnoDB;


SET SQL_MODE=@OLD_SQL_MODE;
SET FOREIGN_KEY_CHECKS=@OLD_FOREIGN_KEY_CHECKS;
SET UNIQUE_CHECKS=@OLD_UNIQUE_CHECKS;

-- -----------------------------------------------------
-- Data for table `granjagalonesentrega`.`roles`
-- -----------------------------------------------------
START TRANSACTION;
USE `granjagalonesentrega`;
INSERT INTO `granjagalonesentrega`.`roles` (`id`, `nombre`, `descripcion`) VALUES (1, 'admin', 'administracion');
INSERT INTO `granjagalonesentrega`.`roles` (`id`, `nombre`, `descripcion`) VALUES (2, 'Gerente', 'Gerente');
INSERT INTO `granjagalonesentrega`.`roles` (`id`, `nombre`, `descripcion`) VALUES (3, 'Cajero', '');
INSERT INTO `granjagalonesentrega`.`roles` (`id`, `nombre`, `descripcion`) VALUES (4, 'Secretaria', 'Encargada de llenar la data');

COMMIT;


-- -----------------------------------------------------
-- Data for table `granjagalonesentrega`.`users`
-- -----------------------------------------------------
START TRANSACTION;
USE `granjagalonesentrega`;
INSERT INTO `granjagalonesentrega`.`users` (`id`, `username`, `password`, `role_id`, `nombre`, `apellido`) VALUES (1, 'reinaldo', 'c3e8d48b955261997637b093321fd13b83bf53c3', 1, 'Reinaldo', 'Rangel');
INSERT INTO `granjagalonesentrega`.`users` (`id`, `username`, `password`, `role_id`, `nombre`, `apellido`) VALUES (16, 'betmart', '8b5393ea82b50dd0b65232224271bd930ec801ea', 1, 'Betmart Stella', 'Aguilar Gómez');
INSERT INTO `granjagalonesentrega`.`users` (`id`, `username`, `password`, `role_id`, `nombre`, `apellido`) VALUES (17, 'josezapata', '8b5393ea82b50dd0b65232224271bd930ec801ea', 1, 'Jose I.', 'Zapata');
INSERT INTO `granjagalonesentrega`.`users` (`id`, `username`, `password`, `role_id`, `nombre`, `apellido`) VALUES (18, 'marly', '8b5393ea82b50dd0b65232224271bd930ec801ea', 1, 'Marly', 'Colmenares');

COMMIT;


-- -----------------------------------------------------
-- Data for table `granjagalonesentrega`.`bancos`
-- -----------------------------------------------------
START TRANSACTION;
USE `granjagalonesentrega`;
INSERT INTO `granjagalonesentrega`.`bancos` (`id`, `codigo`, `nombre`, `descripcion`, `user_id`) VALUES (2, '0105', 'Mercantil', 'Sambil', 1);
INSERT INTO `granjagalonesentrega`.`bancos` (`id`, `codigo`, `nombre`, `descripcion`, `user_id`) VALUES (3, '0108', 'Provincial', '', 1);
INSERT INTO `granjagalonesentrega`.`bancos` (`id`, `codigo`, `nombre`, `descripcion`, `user_id`) VALUES (4, '0114', 'Caribe', '', 1);
INSERT INTO `granjagalonesentrega`.`bancos` (`id`, `codigo`, `nombre`, `descripcion`, `user_id`) VALUES (5, '0115', 'Exterior', '', 1);
INSERT INTO `granjagalonesentrega`.`bancos` (`id`, `codigo`, `nombre`, `descripcion`, `user_id`) VALUES (6, '0137', 'Sofitasa', '', 1);
INSERT INTO `granjagalonesentrega`.`bancos` (`id`, `codigo`, `nombre`, `descripcion`, `user_id`) VALUES (7, '0134', 'Banesco', '', 1);
INSERT INTO `granjagalonesentrega`.`bancos` (`id`, `codigo`, `nombre`, `descripcion`, `user_id`) VALUES (9, '0175', 'Bicentenario', 'banco bicentenario', 1);
INSERT INTO `granjagalonesentrega`.`bancos` (`id`, `codigo`, `nombre`, `descripcion`, `user_id`) VALUES (15, '0102', 'Venezuela', '', 18);
INSERT INTO `granjagalonesentrega`.`bancos` (`id`, `codigo`, `nombre`, `descripcion`, `user_id`) VALUES (16, '0116', 'B.O.D', '', 18);
INSERT INTO `granjagalonesentrega`.`bancos` (`id`, `codigo`, `nombre`, `descripcion`, `user_id`) VALUES (17, '0128', 'Caroni', '', 18);

COMMIT;


-- -----------------------------------------------------
-- Data for table `granjagalonesentrega`.`estadocheques`
-- -----------------------------------------------------
START TRANSACTION;
USE `granjagalonesentrega`;
INSERT INTO `granjagalonesentrega`.`estadocheques` (`id`, `nombre`, `nomenclatura`, `descripcion`, `user_id`) VALUES (1, 'Nuestro', 'R', 'cuando el cheque ya es pagado al cliente', 1);
INSERT INTO `granjagalonesentrega`.`estadocheques` (`id`, `nombre`, `nomenclatura`, `descripcion`, `user_id`) VALUES (2, 'Cliente', 'C', 'Cheque a cambiar en banco y luego pagar', 1);
INSERT INTO `granjagalonesentrega`.`estadocheques` (`id`, `nombre`, `nomenclatura`, `descripcion`, `user_id`) VALUES (3, 'Abono de Gravimon a Cliente', 'AbnGC', 'Debemos al cliente desc deuda gravi a cliente', 1);
INSERT INTO `granjagalonesentrega`.`estadocheques` (`id`, `nombre`, `nomenclatura`, `descripcion`, `user_id`) VALUES (4, 'Abono de Cliente a Gravimon', 'AbnCG', 'cliente nos debe en cheque este devuelto', 1);

COMMIT;


-- -----------------------------------------------------
-- Data for table `granjagalonesentrega`.`acos`
-- -----------------------------------------------------
START TRANSACTION;
USE `granjagalonesentrega`;
INSERT INTO `granjagalonesentrega`.`acos` (`id`, `parent_id`, `model`, `foreign_key`, `alias`, `lft`, `rght`) VALUES (1, NULL, 'NULL', NULL, 'controllers', 1, 282);
INSERT INTO `granjagalonesentrega`.`acos` (`id`, `parent_id`, `model`, `foreign_key`, `alias`, `lft`, `rght`) VALUES (2, 1, 'NULL', NULL, 'Bancos', 2, 19);
INSERT INTO `granjagalonesentrega`.`acos` (`id`, `parent_id`, `model`, `foreign_key`, `alias`, `lft`, `rght`) VALUES (3, 2, 'NULL', NULL, 'index', 3, 4);
INSERT INTO `granjagalonesentrega`.`acos` (`id`, `parent_id`, `model`, `foreign_key`, `alias`, `lft`, `rght`) VALUES (4, 2, 'NULL', NULL, 'view', 5, 6);
INSERT INTO `granjagalonesentrega`.`acos` (`id`, `parent_id`, `model`, `foreign_key`, `alias`, `lft`, `rght`) VALUES (5, 2, 'NULL', NULL, 'add', 7, 8);
INSERT INTO `granjagalonesentrega`.`acos` (`id`, `parent_id`, `model`, `foreign_key`, `alias`, `lft`, `rght`) VALUES (6, 2, 'NULL', NULL, 'edit', 9, 10);
INSERT INTO `granjagalonesentrega`.`acos` (`id`, `parent_id`, `model`, `foreign_key`, `alias`, `lft`, `rght`) VALUES (7, 2, 'NULL', NULL, 'delete', 11, 12);
INSERT INTO `granjagalonesentrega`.`acos` (`id`, `parent_id`, `model`, `foreign_key`, `alias`, `lft`, `rght`) VALUES (8, 2, 'NULL', NULL, 'logout', 13, 14);
INSERT INTO `granjagalonesentrega`.`acos` (`id`, `parent_id`, `model`, `foreign_key`, `alias`, `lft`, `rght`) VALUES (9, 1, 'NULL', NULL, 'Capitals', 20, 33);
INSERT INTO `granjagalonesentrega`.`acos` (`id`, `parent_id`, `model`, `foreign_key`, `alias`, `lft`, `rght`) VALUES (10, 9, 'NULL', NULL, 'index', 21, 22);
INSERT INTO `granjagalonesentrega`.`acos` (`id`, `parent_id`, `model`, `foreign_key`, `alias`, `lft`, `rght`) VALUES (11, 9, 'NULL', NULL, 'view', 23, 24);
INSERT INTO `granjagalonesentrega`.`acos` (`id`, `parent_id`, `model`, `foreign_key`, `alias`, `lft`, `rght`) VALUES (12, 9, 'NULL', NULL, 'add', 25, 26);
INSERT INTO `granjagalonesentrega`.`acos` (`id`, `parent_id`, `model`, `foreign_key`, `alias`, `lft`, `rght`) VALUES (13, 9, 'NULL', NULL, 'edit', 27, 28);
INSERT INTO `granjagalonesentrega`.`acos` (`id`, `parent_id`, `model`, `foreign_key`, `alias`, `lft`, `rght`) VALUES (14, 9, 'NULL', NULL, 'delete', 29, 30);
INSERT INTO `granjagalonesentrega`.`acos` (`id`, `parent_id`, `model`, `foreign_key`, `alias`, `lft`, `rght`) VALUES (15, 9, 'NULL', NULL, 'logout', 31, 32);
INSERT INTO `granjagalonesentrega`.`acos` (`id`, `parent_id`, `model`, `foreign_key`, `alias`, `lft`, `rght`) VALUES (16, 1, 'NULL', NULL, 'ChequeEstadocheques', 34, 49);
INSERT INTO `granjagalonesentrega`.`acos` (`id`, `parent_id`, `model`, `foreign_key`, `alias`, `lft`, `rght`) VALUES (17, 16, 'NULL', NULL, 'index', 35, 36);
INSERT INTO `granjagalonesentrega`.`acos` (`id`, `parent_id`, `model`, `foreign_key`, `alias`, `lft`, `rght`) VALUES (18, 16, 'NULL', NULL, 'view', 37, 38);
INSERT INTO `granjagalonesentrega`.`acos` (`id`, `parent_id`, `model`, `foreign_key`, `alias`, `lft`, `rght`) VALUES (19, 16, 'NULL', NULL, 'add', 39, 40);
INSERT INTO `granjagalonesentrega`.`acos` (`id`, `parent_id`, `model`, `foreign_key`, `alias`, `lft`, `rght`) VALUES (20, 16, 'NULL', NULL, 'edit', 41, 42);
INSERT INTO `granjagalonesentrega`.`acos` (`id`, `parent_id`, `model`, `foreign_key`, `alias`, `lft`, `rght`) VALUES (21, 16, 'NULL', NULL, 'delete', 43, 44);
INSERT INTO `granjagalonesentrega`.`acos` (`id`, `parent_id`, `model`, `foreign_key`, `alias`, `lft`, `rght`) VALUES (22, 16, 'NULL', NULL, 'logout', 45, 46);
INSERT INTO `granjagalonesentrega`.`acos` (`id`, `parent_id`, `model`, `foreign_key`, `alias`, `lft`, `rght`) VALUES (23, 1, 'NULL', NULL, 'Chequeinterese', 50, 63);
INSERT INTO `granjagalonesentrega`.`acos` (`id`, `parent_id`, `model`, `foreign_key`, `alias`, `lft`, `rght`) VALUES (24, 23, 'NULL', NULL, 'index', 51, 52);
INSERT INTO `granjagalonesentrega`.`acos` (`id`, `parent_id`, `model`, `foreign_key`, `alias`, `lft`, `rght`) VALUES (25, 23, 'NULL', NULL, 'view', 53, 54);
INSERT INTO `granjagalonesentrega`.`acos` (`id`, `parent_id`, `model`, `foreign_key`, `alias`, `lft`, `rght`) VALUES (26, 23, 'NULL', NULL, 'add', 55, 56);
INSERT INTO `granjagalonesentrega`.`acos` (`id`, `parent_id`, `model`, `foreign_key`, `alias`, `lft`, `rght`) VALUES (27, 23, 'NULL', NULL, 'edit', 57, 58);
INSERT INTO `granjagalonesentrega`.`acos` (`id`, `parent_id`, `model`, `foreign_key`, `alias`, `lft`, `rght`) VALUES (28, 23, 'NULL', NULL, 'delete', 59, 60);
INSERT INTO `granjagalonesentrega`.`acos` (`id`, `parent_id`, `model`, `foreign_key`, `alias`, `lft`, `rght`) VALUES (29, 23, 'NULL', NULL, 'logout', 61, 62);
INSERT INTO `granjagalonesentrega`.`acos` (`id`, `parent_id`, `model`, `foreign_key`, `alias`, `lft`, `rght`) VALUES (30, 1, 'NULL', NULL, 'Cheques', 64, 111);
INSERT INTO `granjagalonesentrega`.`acos` (`id`, `parent_id`, `model`, `foreign_key`, `alias`, `lft`, `rght`) VALUES (31, 30, 'NULL', NULL, 'index', 65, 66);
INSERT INTO `granjagalonesentrega`.`acos` (`id`, `parent_id`, `model`, `foreign_key`, `alias`, `lft`, `rght`) VALUES (32, 30, 'NULL', NULL, 'index2', 67, 68);
INSERT INTO `granjagalonesentrega`.`acos` (`id`, `parent_id`, `model`, `foreign_key`, `alias`, `lft`, `rght`) VALUES (33, 30, 'NULL', NULL, 'devueltos', 69, 70);
INSERT INTO `granjagalonesentrega`.`acos` (`id`, `parent_id`, `model`, `foreign_key`, `alias`, `lft`, `rght`) VALUES (34, 30, 'NULL', NULL, 'postdatados', 71, 72);
INSERT INTO `granjagalonesentrega`.`acos` (`id`, `parent_id`, `model`, `foreign_key`, `alias`, `lft`, `rght`) VALUES (35, 30, 'NULL', NULL, 'view', 73, 74);
INSERT INTO `granjagalonesentrega`.`acos` (`id`, `parent_id`, `model`, `foreign_key`, `alias`, `lft`, `rght`) VALUES (36, 30, 'NULL', NULL, 'add2', 75, 76);
INSERT INTO `granjagalonesentrega`.`acos` (`id`, `parent_id`, `model`, `foreign_key`, `alias`, `lft`, `rght`) VALUES (37, 30, 'NULL', NULL, 'add', 77, 78);
INSERT INTO `granjagalonesentrega`.`acos` (`id`, `parent_id`, `model`, `foreign_key`, `alias`, `lft`, `rght`) VALUES (38, 30, 'NULL', NULL, 'editadevuelto', 79, 80);
INSERT INTO `granjagalonesentrega`.`acos` (`id`, `parent_id`, `model`, `foreign_key`, `alias`, `lft`, `rght`) VALUES (39, 30, 'NULL', NULL, 'edit', 81, 82);
INSERT INTO `granjagalonesentrega`.`acos` (`id`, `parent_id`, `model`, `foreign_key`, `alias`, `lft`, `rght`) VALUES (40, 30, 'NULL', NULL, 'delete', 83, 84);
INSERT INTO `granjagalonesentrega`.`acos` (`id`, `parent_id`, `model`, `foreign_key`, `alias`, `lft`, `rght`) VALUES (41, 30, 'NULL', NULL, 'logout', 85, 86);
INSERT INTO `granjagalonesentrega`.`acos` (`id`, `parent_id`, `model`, `foreign_key`, `alias`, `lft`, `rght`) VALUES (42, 1, 'NULL', NULL, 'Clientes', 112, 125);
INSERT INTO `granjagalonesentrega`.`acos` (`id`, `parent_id`, `model`, `foreign_key`, `alias`, `lft`, `rght`) VALUES (43, 42, 'NULL', NULL, 'index', 113, 114);
INSERT INTO `granjagalonesentrega`.`acos` (`id`, `parent_id`, `model`, `foreign_key`, `alias`, `lft`, `rght`) VALUES (44, 42, 'NULL', NULL, 'view', 115, 116);
INSERT INTO `granjagalonesentrega`.`acos` (`id`, `parent_id`, `model`, `foreign_key`, `alias`, `lft`, `rght`) VALUES (45, 42, 'NULL', NULL, 'add', 117, 118);
INSERT INTO `granjagalonesentrega`.`acos` (`id`, `parent_id`, `model`, `foreign_key`, `alias`, `lft`, `rght`) VALUES (46, 42, 'NULL', NULL, 'edit', 119, 120);
INSERT INTO `granjagalonesentrega`.`acos` (`id`, `parent_id`, `model`, `foreign_key`, `alias`, `lft`, `rght`) VALUES (47, 42, 'NULL', NULL, 'delete', 121, 122);
INSERT INTO `granjagalonesentrega`.`acos` (`id`, `parent_id`, `model`, `foreign_key`, `alias`, `lft`, `rght`) VALUES (48, 42, 'NULL', NULL, 'logout', 123, 124);
INSERT INTO `granjagalonesentrega`.`acos` (`id`, `parent_id`, `model`, `foreign_key`, `alias`, `lft`, `rght`) VALUES (49, 1, 'NULL', NULL, 'Cuentas', 126, 139);
INSERT INTO `granjagalonesentrega`.`acos` (`id`, `parent_id`, `model`, `foreign_key`, `alias`, `lft`, `rght`) VALUES (50, 49, 'NULL', NULL, 'index', 127, 128);
INSERT INTO `granjagalonesentrega`.`acos` (`id`, `parent_id`, `model`, `foreign_key`, `alias`, `lft`, `rght`) VALUES (51, 49, 'NULL', NULL, 'view', 129, 130);
INSERT INTO `granjagalonesentrega`.`acos` (`id`, `parent_id`, `model`, `foreign_key`, `alias`, `lft`, `rght`) VALUES (52, 49, 'NULL', NULL, 'add', 131, 132);
INSERT INTO `granjagalonesentrega`.`acos` (`id`, `parent_id`, `model`, `foreign_key`, `alias`, `lft`, `rght`) VALUES (53, 49, 'NULL', NULL, 'edit', 133, 134);
INSERT INTO `granjagalonesentrega`.`acos` (`id`, `parent_id`, `model`, `foreign_key`, `alias`, `lft`, `rght`) VALUES (54, 49, 'NULL', NULL, 'delete', 135, 136);
INSERT INTO `granjagalonesentrega`.`acos` (`id`, `parent_id`, `model`, `foreign_key`, `alias`, `lft`, `rght`) VALUES (55, 49, 'NULL', NULL, 'logout', 137, 138);
INSERT INTO `granjagalonesentrega`.`acos` (`id`, `parent_id`, `model`, `foreign_key`, `alias`, `lft`, `rght`) VALUES (56, 1, 'NULL', NULL, 'Estadocheques', 140, 153);
INSERT INTO `granjagalonesentrega`.`acos` (`id`, `parent_id`, `model`, `foreign_key`, `alias`, `lft`, `rght`) VALUES (57, 56, 'NULL', NULL, 'index', 141, 142);
INSERT INTO `granjagalonesentrega`.`acos` (`id`, `parent_id`, `model`, `foreign_key`, `alias`, `lft`, `rght`) VALUES (58, 56, 'NULL', NULL, 'view', 143, 144);
INSERT INTO `granjagalonesentrega`.`acos` (`id`, `parent_id`, `model`, `foreign_key`, `alias`, `lft`, `rght`) VALUES (59, 56, 'NULL', NULL, 'add', 145, 146);
INSERT INTO `granjagalonesentrega`.`acos` (`id`, `parent_id`, `model`, `foreign_key`, `alias`, `lft`, `rght`) VALUES (60, 56, 'NULL', NULL, 'edit', 147, 148);
INSERT INTO `granjagalonesentrega`.`acos` (`id`, `parent_id`, `model`, `foreign_key`, `alias`, `lft`, `rght`) VALUES (61, 56, 'NULL', NULL, 'delete', 149, 150);
INSERT INTO `granjagalonesentrega`.`acos` (`id`, `parent_id`, `model`, `foreign_key`, `alias`, `lft`, `rght`) VALUES (62, 56, 'NULL', NULL, 'logout', 151, 152);
INSERT INTO `granjagalonesentrega`.`acos` (`id`, `parent_id`, `model`, `foreign_key`, `alias`, `lft`, `rght`) VALUES (63, 1, 'NULL', NULL, 'Gestiondecobranzas', 154, 167);
INSERT INTO `granjagalonesentrega`.`acos` (`id`, `parent_id`, `model`, `foreign_key`, `alias`, `lft`, `rght`) VALUES (64, 63, 'NULL', NULL, 'index', 155, 156);
INSERT INTO `granjagalonesentrega`.`acos` (`id`, `parent_id`, `model`, `foreign_key`, `alias`, `lft`, `rght`) VALUES (65, 63, 'NULL', NULL, 'view', 157, 158);
INSERT INTO `granjagalonesentrega`.`acos` (`id`, `parent_id`, `model`, `foreign_key`, `alias`, `lft`, `rght`) VALUES (66, 63, 'NULL', NULL, 'add', 159, 160);
INSERT INTO `granjagalonesentrega`.`acos` (`id`, `parent_id`, `model`, `foreign_key`, `alias`, `lft`, `rght`) VALUES (67, 63, 'NULL', NULL, 'edit', 161, 162);
INSERT INTO `granjagalonesentrega`.`acos` (`id`, `parent_id`, `model`, `foreign_key`, `alias`, `lft`, `rght`) VALUES (68, 63, 'NULL', NULL, 'delete', 163, 164);
INSERT INTO `granjagalonesentrega`.`acos` (`id`, `parent_id`, `model`, `foreign_key`, `alias`, `lft`, `rght`) VALUES (69, 63, 'NULL', NULL, 'logout', 165, 166);
INSERT INTO `granjagalonesentrega`.`acos` (`id`, `parent_id`, `model`, `foreign_key`, `alias`, `lft`, `rght`) VALUES (70, 1, 'NULL', NULL, 'Interese', 168, 181);
INSERT INTO `granjagalonesentrega`.`acos` (`id`, `parent_id`, `model`, `foreign_key`, `alias`, `lft`, `rght`) VALUES (71, 70, 'NULL', NULL, 'index', 169, 170);
INSERT INTO `granjagalonesentrega`.`acos` (`id`, `parent_id`, `model`, `foreign_key`, `alias`, `lft`, `rght`) VALUES (72, 70, 'NULL', NULL, 'view', 171, 172);
INSERT INTO `granjagalonesentrega`.`acos` (`id`, `parent_id`, `model`, `foreign_key`, `alias`, `lft`, `rght`) VALUES (73, 70, 'NULL', NULL, 'add', 173, 174);
INSERT INTO `granjagalonesentrega`.`acos` (`id`, `parent_id`, `model`, `foreign_key`, `alias`, `lft`, `rght`) VALUES (74, 70, 'NULL', NULL, 'edit', 175, 176);
INSERT INTO `granjagalonesentrega`.`acos` (`id`, `parent_id`, `model`, `foreign_key`, `alias`, `lft`, `rght`) VALUES (75, 70, 'NULL', NULL, 'delete', 177, 178);
INSERT INTO `granjagalonesentrega`.`acos` (`id`, `parent_id`, `model`, `foreign_key`, `alias`, `lft`, `rght`) VALUES (76, 70, 'NULL', NULL, 'logout', 179, 180);
INSERT INTO `granjagalonesentrega`.`acos` (`id`, `parent_id`, `model`, `foreign_key`, `alias`, `lft`, `rght`) VALUES (77, 1, 'NULL', NULL, 'Pages', 182, 187);
INSERT INTO `granjagalonesentrega`.`acos` (`id`, `parent_id`, `model`, `foreign_key`, `alias`, `lft`, `rght`) VALUES (78, 77, 'NULL', NULL, 'display', 183, 184);
INSERT INTO `granjagalonesentrega`.`acos` (`id`, `parent_id`, `model`, `foreign_key`, `alias`, `lft`, `rght`) VALUES (79, 77, 'NULL', NULL, 'logout', 185, 186);
INSERT INTO `granjagalonesentrega`.`acos` (`id`, `parent_id`, `model`, `foreign_key`, `alias`, `lft`, `rght`) VALUES (80, 1, 'NULL', NULL, 'Pagos', 188, 201);
INSERT INTO `granjagalonesentrega`.`acos` (`id`, `parent_id`, `model`, `foreign_key`, `alias`, `lft`, `rght`) VALUES (81, 80, 'NULL', NULL, 'index', 189, 190);
INSERT INTO `granjagalonesentrega`.`acos` (`id`, `parent_id`, `model`, `foreign_key`, `alias`, `lft`, `rght`) VALUES (82, 80, 'NULL', NULL, 'view', 191, 192);
INSERT INTO `granjagalonesentrega`.`acos` (`id`, `parent_id`, `model`, `foreign_key`, `alias`, `lft`, `rght`) VALUES (83, 80, 'NULL', NULL, 'add', 193, 194);
INSERT INTO `granjagalonesentrega`.`acos` (`id`, `parent_id`, `model`, `foreign_key`, `alias`, `lft`, `rght`) VALUES (84, 80, 'NULL', NULL, 'edit', 195, 196);
INSERT INTO `granjagalonesentrega`.`acos` (`id`, `parent_id`, `model`, `foreign_key`, `alias`, `lft`, `rght`) VALUES (85, 80, 'NULL', NULL, 'delete', 197, 198);
INSERT INTO `granjagalonesentrega`.`acos` (`id`, `parent_id`, `model`, `foreign_key`, `alias`, `lft`, `rght`) VALUES (86, 80, 'NULL', NULL, 'logout', 199, 200);
INSERT INTO `granjagalonesentrega`.`acos` (`id`, `parent_id`, `model`, `foreign_key`, `alias`, `lft`, `rght`) VALUES (87, 1, 'NULL', NULL, 'Pagoterceros', 202, 215);
INSERT INTO `granjagalonesentrega`.`acos` (`id`, `parent_id`, `model`, `foreign_key`, `alias`, `lft`, `rght`) VALUES (88, 87, 'NULL', NULL, 'index', 203, 204);
INSERT INTO `granjagalonesentrega`.`acos` (`id`, `parent_id`, `model`, `foreign_key`, `alias`, `lft`, `rght`) VALUES (89, 87, 'NULL', NULL, 'view', 205, 206);
INSERT INTO `granjagalonesentrega`.`acos` (`id`, `parent_id`, `model`, `foreign_key`, `alias`, `lft`, `rght`) VALUES (90, 87, 'NULL', NULL, 'add', 207, 208);
INSERT INTO `granjagalonesentrega`.`acos` (`id`, `parent_id`, `model`, `foreign_key`, `alias`, `lft`, `rght`) VALUES (91, 87, 'NULL', NULL, 'edit', 209, 210);
INSERT INTO `granjagalonesentrega`.`acos` (`id`, `parent_id`, `model`, `foreign_key`, `alias`, `lft`, `rght`) VALUES (92, 87, 'NULL', NULL, 'delete', 211, 212);
INSERT INTO `granjagalonesentrega`.`acos` (`id`, `parent_id`, `model`, `foreign_key`, `alias`, `lft`, `rght`) VALUES (93, 87, 'NULL', NULL, 'logout', 213, 214);
INSERT INTO `granjagalonesentrega`.`acos` (`id`, `parent_id`, `model`, `foreign_key`, `alias`, `lft`, `rght`) VALUES (94, 1, 'NULL', NULL, 'Roles', 216, 229);
INSERT INTO `granjagalonesentrega`.`acos` (`id`, `parent_id`, `model`, `foreign_key`, `alias`, `lft`, `rght`) VALUES (95, 94, 'NULL', NULL, 'index', 217, 218);
INSERT INTO `granjagalonesentrega`.`acos` (`id`, `parent_id`, `model`, `foreign_key`, `alias`, `lft`, `rght`) VALUES (96, 94, 'NULL', NULL, 'view', 219, 220);
INSERT INTO `granjagalonesentrega`.`acos` (`id`, `parent_id`, `model`, `foreign_key`, `alias`, `lft`, `rght`) VALUES (97, 94, 'NULL', NULL, 'add', 221, 222);
INSERT INTO `granjagalonesentrega`.`acos` (`id`, `parent_id`, `model`, `foreign_key`, `alias`, `lft`, `rght`) VALUES (98, 94, 'NULL', NULL, 'edit', 223, 224);
INSERT INTO `granjagalonesentrega`.`acos` (`id`, `parent_id`, `model`, `foreign_key`, `alias`, `lft`, `rght`) VALUES (99, 94, 'NULL', NULL, 'delete', 225, 226);
INSERT INTO `granjagalonesentrega`.`acos` (`id`, `parent_id`, `model`, `foreign_key`, `alias`, `lft`, `rght`) VALUES (100, 94, 'NULL', NULL, 'logout', 227, 228);
INSERT INTO `granjagalonesentrega`.`acos` (`id`, `parent_id`, `model`, `foreign_key`, `alias`, `lft`, `rght`) VALUES (101, 1, 'NULL', NULL, 'Rols', 230, 243);
INSERT INTO `granjagalonesentrega`.`acos` (`id`, `parent_id`, `model`, `foreign_key`, `alias`, `lft`, `rght`) VALUES (102, 101, 'NULL', NULL, 'index', 231, 232);
INSERT INTO `granjagalonesentrega`.`acos` (`id`, `parent_id`, `model`, `foreign_key`, `alias`, `lft`, `rght`) VALUES (103, 101, 'NULL', NULL, 'view', 233, 234);
INSERT INTO `granjagalonesentrega`.`acos` (`id`, `parent_id`, `model`, `foreign_key`, `alias`, `lft`, `rght`) VALUES (104, 101, 'NULL', NULL, 'add', 235, 236);
INSERT INTO `granjagalonesentrega`.`acos` (`id`, `parent_id`, `model`, `foreign_key`, `alias`, `lft`, `rght`) VALUES (105, 101, 'NULL', NULL, 'edit', 237, 238);
INSERT INTO `granjagalonesentrega`.`acos` (`id`, `parent_id`, `model`, `foreign_key`, `alias`, `lft`, `rght`) VALUES (106, 101, 'NULL', NULL, 'delete', 239, 240);
INSERT INTO `granjagalonesentrega`.`acos` (`id`, `parent_id`, `model`, `foreign_key`, `alias`, `lft`, `rght`) VALUES (107, 101, 'NULL', NULL, 'logout', 241, 242);
INSERT INTO `granjagalonesentrega`.`acos` (`id`, `parent_id`, `model`, `foreign_key`, `alias`, `lft`, `rght`) VALUES (108, 1, 'NULL', NULL, 'Tipopagos', 244, 257);
INSERT INTO `granjagalonesentrega`.`acos` (`id`, `parent_id`, `model`, `foreign_key`, `alias`, `lft`, `rght`) VALUES (109, 108, 'NULL', NULL, 'index', 245, 246);
INSERT INTO `granjagalonesentrega`.`acos` (`id`, `parent_id`, `model`, `foreign_key`, `alias`, `lft`, `rght`) VALUES (110, 108, 'NULL', NULL, 'view', 247, 248);
INSERT INTO `granjagalonesentrega`.`acos` (`id`, `parent_id`, `model`, `foreign_key`, `alias`, `lft`, `rght`) VALUES (111, 108, 'NULL', NULL, 'add', 249, 250);
INSERT INTO `granjagalonesentrega`.`acos` (`id`, `parent_id`, `model`, `foreign_key`, `alias`, `lft`, `rght`) VALUES (112, 108, 'NULL', NULL, 'edit', 251, 252);
INSERT INTO `granjagalonesentrega`.`acos` (`id`, `parent_id`, `model`, `foreign_key`, `alias`, `lft`, `rght`) VALUES (113, 108, 'NULL', NULL, 'delete', 253, 254);
INSERT INTO `granjagalonesentrega`.`acos` (`id`, `parent_id`, `model`, `foreign_key`, `alias`, `lft`, `rght`) VALUES (114, 108, 'NULL', NULL, 'logout', 255, 256);
INSERT INTO `granjagalonesentrega`.`acos` (`id`, `parent_id`, `model`, `foreign_key`, `alias`, `lft`, `rght`) VALUES (115, 1, 'NULL', NULL, 'Users', 258, 275);
INSERT INTO `granjagalonesentrega`.`acos` (`id`, `parent_id`, `model`, `foreign_key`, `alias`, `lft`, `rght`) VALUES (116, 115, 'NULL', NULL, 'index', 259, 260);
INSERT INTO `granjagalonesentrega`.`acos` (`id`, `parent_id`, `model`, `foreign_key`, `alias`, `lft`, `rght`) VALUES (117, 115, 'NULL', NULL, 'login', 261, 262);
INSERT INTO `granjagalonesentrega`.`acos` (`id`, `parent_id`, `model`, `foreign_key`, `alias`, `lft`, `rght`) VALUES (118, 115, 'NULL', NULL, 'logout', 263, 264);
INSERT INTO `granjagalonesentrega`.`acos` (`id`, `parent_id`, `model`, `foreign_key`, `alias`, `lft`, `rght`) VALUES (119, 115, 'NULL', NULL, 'view', 265, 266);
INSERT INTO `granjagalonesentrega`.`acos` (`id`, `parent_id`, `model`, `foreign_key`, `alias`, `lft`, `rght`) VALUES (120, 115, 'NULL', NULL, 'add', 267, 268);
INSERT INTO `granjagalonesentrega`.`acos` (`id`, `parent_id`, `model`, `foreign_key`, `alias`, `lft`, `rght`) VALUES (121, 115, 'NULL', NULL, 'edit', 269, 270);
INSERT INTO `granjagalonesentrega`.`acos` (`id`, `parent_id`, `model`, `foreign_key`, `alias`, `lft`, `rght`) VALUES (122, 115, 'NULL', NULL, 'delete', 271, 272);
INSERT INTO `granjagalonesentrega`.`acos` (`id`, `parent_id`, `model`, `foreign_key`, `alias`, `lft`, `rght`) VALUES (123, 1, 'NULL', NULL, 'AclExtras', 276, 277);
INSERT INTO `granjagalonesentrega`.`acos` (`id`, `parent_id`, `model`, `foreign_key`, `alias`, `lft`, `rght`) VALUES (124, 1, 'NULL', NULL, 'Solointerese', 278, 281);
INSERT INTO `granjagalonesentrega`.`acos` (`id`, `parent_id`, `model`, `foreign_key`, `alias`, `lft`, `rght`) VALUES (125, 124, 'NULL', NULL, 'index', 279, 280);
INSERT INTO `granjagalonesentrega`.`acos` (`id`, `parent_id`, `model`, `foreign_key`, `alias`, `lft`, `rght`) VALUES (126, 30, 'NULL', NULL, 'reporteintereses', 87, 88);
INSERT INTO `granjagalonesentrega`.`acos` (`id`, `parent_id`, `model`, `foreign_key`, `alias`, `lft`, `rght`) VALUES (127, 30, 'NULL', NULL, 'reporteinteres', 89, 90);
INSERT INTO `granjagalonesentrega`.`acos` (`id`, `parent_id`, `model`, `foreign_key`, `alias`, `lft`, `rght`) VALUES (128, 16, 'NULL', NULL, 'add2', 47, 48);
INSERT INTO `granjagalonesentrega`.`acos` (`id`, `parent_id`, `model`, `foreign_key`, `alias`, `lft`, `rght`) VALUES (129, 30, 'NULL', NULL, 'aumentarinteres', 91, 92);
INSERT INTO `granjagalonesentrega`.`acos` (`id`, `parent_id`, `model`, `foreign_key`, `alias`, `lft`, `rght`) VALUES (130, 115, 'NULL', NULL, 'editpass', 273, 274);
INSERT INTO `granjagalonesentrega`.`acos` (`id`, `parent_id`, `model`, `foreign_key`, `alias`, `lft`, `rght`) VALUES (131, 30, 'NULL', NULL, 'delete2', 93, 94);
INSERT INTO `granjagalonesentrega`.`acos` (`id`, `parent_id`, `model`, `foreign_key`, `alias`, `lft`, `rght`) VALUES (132, 30, 'NULL', NULL, 'busca', 95, 96);
INSERT INTO `granjagalonesentrega`.`acos` (`id`, `parent_id`, `model`, `foreign_key`, `alias`, `lft`, `rght`) VALUES (133, 30, 'NULL', NULL, 'buscar', 97, 98);
INSERT INTO `granjagalonesentrega`.`acos` (`id`, `parent_id`, `model`, `foreign_key`, `alias`, `lft`, `rght`) VALUES (134, 30, 'NULL', NULL, 'buscarte', 99, 100);
INSERT INTO `granjagalonesentrega`.`acos` (`id`, `parent_id`, `model`, `foreign_key`, `alias`, `lft`, `rght`) VALUES (135, 30, 'NULL', NULL, 'delete3', 101, 102);
INSERT INTO `granjagalonesentrega`.`acos` (`id`, `parent_id`, `model`, `foreign_key`, `alias`, `lft`, `rght`) VALUES (136, 30, 'NULL', NULL, 'relaciondia', 103, 104);
INSERT INTO `granjagalonesentrega`.`acos` (`id`, `parent_id`, `model`, `foreign_key`, `alias`, `lft`, `rght`) VALUES (137, 30, 'NULL', NULL, 'general', 105, 106);
INSERT INTO `granjagalonesentrega`.`acos` (`id`, `parent_id`, `model`, `foreign_key`, `alias`, `lft`, `rght`) VALUES (138, 30, 'NULL', NULL, 'reportecheque', 107, 108);
INSERT INTO `granjagalonesentrega`.`acos` (`id`, `parent_id`, `model`, `foreign_key`, `alias`, `lft`, `rght`) VALUES (139, 30, 'NULL', NULL, 'deleteall', 109, 110);
INSERT INTO `granjagalonesentrega`.`acos` (`id`, `parent_id`, `model`, `foreign_key`, `alias`, `lft`, `rght`) VALUES (140, 2, 'NULL', NULL, 'totalbancos', 15, 16);
INSERT INTO `granjagalonesentrega`.`acos` (`id`, `parent_id`, `model`, `foreign_key`, `alias`, `lft`, `rght`) VALUES (141, 2, 'NULL', NULL, 'totalbanco', 17, 18);

COMMIT;


-- -----------------------------------------------------
-- Data for table `granjagalonesentrega`.`aros`
-- -----------------------------------------------------
START TRANSACTION;
USE `granjagalonesentrega`;
INSERT INTO `granjagalonesentrega`.`aros` (`id`, `parent_id`, `model`, `foreign_key`, `alias`, `lft`, `rght`) VALUES (1, NULL, 'Role', 1, 'NULL', 1, 10);
INSERT INTO `granjagalonesentrega`.`aros` (`id`, `parent_id`, `model`, `foreign_key`, `alias`, `lft`, `rght`) VALUES (2, NULL, 'Role', 2, 'NULL', 11, 14);
INSERT INTO `granjagalonesentrega`.`aros` (`id`, `parent_id`, `model`, `foreign_key`, `alias`, `lft`, `rght`) VALUES (3, NULL, 'Role', 3, 'NULL', 15, 16);
INSERT INTO `granjagalonesentrega`.`aros` (`id`, `parent_id`, `model`, `foreign_key`, `alias`, `lft`, `rght`) VALUES (4, NULL, 'Role', 4, 'NULL', 17, 22);
INSERT INTO `granjagalonesentrega`.`aros` (`id`, `parent_id`, `model`, `foreign_key`, `alias`, `lft`, `rght`) VALUES (6, 1, 'User', 3, 'NULL', 2, 3);
INSERT INTO `granjagalonesentrega`.`aros` (`id`, `parent_id`, `model`, `foreign_key`, `alias`, `lft`, `rght`) VALUES (7, 2, 'User', 1, 'NULL', 12, 13);
INSERT INTO `granjagalonesentrega`.`aros` (`id`, `parent_id`, `model`, `foreign_key`, `alias`, `lft`, `rght`) VALUES (8, 4, 'User', 4, 'NULL', 18, 19);
INSERT INTO `granjagalonesentrega`.`aros` (`id`, `parent_id`, `model`, `foreign_key`, `alias`, `lft`, `rght`) VALUES (9, 4, 'User', 5, 'NULL', 20, 21);
INSERT INTO `granjagalonesentrega`.`aros` (`id`, `parent_id`, `model`, `foreign_key`, `alias`, `lft`, `rght`) VALUES (13, 1, 'User', 16, 'NULL', 4, 5);
INSERT INTO `granjagalonesentrega`.`aros` (`id`, `parent_id`, `model`, `foreign_key`, `alias`, `lft`, `rght`) VALUES (14, 1, 'User', 17, 'NULL', 6, 7);
INSERT INTO `granjagalonesentrega`.`aros` (`id`, `parent_id`, `model`, `foreign_key`, `alias`, `lft`, `rght`) VALUES (15, 1, 'User', 18, 'NULL', 8, 9);

COMMIT;


-- -----------------------------------------------------
-- Data for table `granjagalonesentrega`.`aros_acos`
-- -----------------------------------------------------
START TRANSACTION;
USE `granjagalonesentrega`;
INSERT INTO `granjagalonesentrega`.`aros_acos` (`id`, `aro_id`, `aco_id`, `_create`, `_read`, `_update`, `_delete`) VALUES (1, 1, 30, '1', '1', '1', '1');
INSERT INTO `granjagalonesentrega`.`aros_acos` (`id`, `aro_id`, `aco_id`, `_create`, `_read`, `_update`, `_delete`) VALUES (2, 1, 1, '1', '1', '1', '1');
INSERT INTO `granjagalonesentrega`.`aros_acos` (`id`, `aro_id`, `aco_id`, `_create`, `_read`, `_update`, `_delete`) VALUES (3, 2, 31, '1', '1', '1', '1');
INSERT INTO `granjagalonesentrega`.`aros_acos` (`id`, `aro_id`, `aco_id`, `_create`, `_read`, `_update`, `_delete`) VALUES (4, 2, 30, '1', '1', '1', '1');
INSERT INTO `granjagalonesentrega`.`aros_acos` (`id`, `aro_id`, `aco_id`, `_create`, `_read`, `_update`, `_delete`) VALUES (5, 2, 40, '-1', '-1', '-1', '-1');
INSERT INTO `granjagalonesentrega`.`aros_acos` (`id`, `aro_id`, `aco_id`, `_create`, `_read`, `_update`, `_delete`) VALUES (6, 3, 30, '1', '1', '1', '1');
INSERT INTO `granjagalonesentrega`.`aros_acos` (`id`, `aro_id`, `aco_id`, `_create`, `_read`, `_update`, `_delete`) VALUES (7, 3, 40, '-1', '-1', '-1', '-1');
INSERT INTO `granjagalonesentrega`.`aros_acos` (`id`, `aro_id`, `aco_id`, `_create`, `_read`, `_update`, `_delete`) VALUES (8, 3, 39, '-1', '-1', '-1', '-1');
INSERT INTO `granjagalonesentrega`.`aros_acos` (`id`, `aro_id`, `aco_id`, `_create`, `_read`, `_update`, `_delete`) VALUES (9, 3, 38, '-1', '-1', '-1', '-1');
INSERT INTO `granjagalonesentrega`.`aros_acos` (`id`, `aro_id`, `aco_id`, `_create`, `_read`, `_update`, `_delete`) VALUES (10, 1, 16, '1', '1', '1', '1');
INSERT INTO `granjagalonesentrega`.`aros_acos` (`id`, `aro_id`, `aco_id`, `_create`, `_read`, `_update`, `_delete`) VALUES (11, 2, 19, '1', '1', '1', '1');
INSERT INTO `granjagalonesentrega`.`aros_acos` (`id`, `aro_id`, `aco_id`, `_create`, `_read`, `_update`, `_delete`) VALUES (12, 2, 17, '1', '1', '1', '1');
INSERT INTO `granjagalonesentrega`.`aros_acos` (`id`, `aro_id`, `aco_id`, `_create`, `_read`, `_update`, `_delete`) VALUES (13, 2, 18, '1', '1', '1', '1');
INSERT INTO `granjagalonesentrega`.`aros_acos` (`id`, `aro_id`, `aco_id`, `_create`, `_read`, `_update`, `_delete`) VALUES (14, 2, 39, '-1', '-1', '-1', '-1');
INSERT INTO `granjagalonesentrega`.`aros_acos` (`id`, `aro_id`, `aco_id`, `_create`, `_read`, `_update`, `_delete`) VALUES (15, 2, 83, '1', '1', '1', '1');
INSERT INTO `granjagalonesentrega`.`aros_acos` (`id`, `aro_id`, `aco_id`, `_create`, `_read`, `_update`, `_delete`) VALUES (16, 2, 82, '1', '1', '1', '1');
INSERT INTO `granjagalonesentrega`.`aros_acos` (`id`, `aro_id`, `aco_id`, `_create`, `_read`, `_update`, `_delete`) VALUES (17, 2, 90, '1', '1', '1', '1');
INSERT INTO `granjagalonesentrega`.`aros_acos` (`id`, `aro_id`, `aco_id`, `_create`, `_read`, `_update`, `_delete`) VALUES (18, 2, 89, '1', '1', '1', '1');
INSERT INTO `granjagalonesentrega`.`aros_acos` (`id`, `aro_id`, `aco_id`, `_create`, `_read`, `_update`, `_delete`) VALUES (19, 2, 42, '1', '1', '1', '1');
INSERT INTO `granjagalonesentrega`.`aros_acos` (`id`, `aro_id`, `aco_id`, `_create`, `_read`, `_update`, `_delete`) VALUES (20, 2, 47, '-1', '-1', '-1', '-1');
INSERT INTO `granjagalonesentrega`.`aros_acos` (`id`, `aro_id`, `aco_id`, `_create`, `_read`, `_update`, `_delete`) VALUES (21, 2, 70, '1', '1', '1', '1');
INSERT INTO `granjagalonesentrega`.`aros_acos` (`id`, `aro_id`, `aco_id`, `_create`, `_read`, `_update`, `_delete`) VALUES (22, 2, 75, '-1', '-1', '-1', '-1');
INSERT INTO `granjagalonesentrega`.`aros_acos` (`id`, `aro_id`, `aco_id`, `_create`, `_read`, `_update`, `_delete`) VALUES (23, 2, 2, '1', '1', '1', '1');
INSERT INTO `granjagalonesentrega`.`aros_acos` (`id`, `aro_id`, `aco_id`, `_create`, `_read`, `_update`, `_delete`) VALUES (24, 2, 7, '-1', '-1', '-1', '-1');
INSERT INTO `granjagalonesentrega`.`aros_acos` (`id`, `aro_id`, `aco_id`, `_create`, `_read`, `_update`, `_delete`) VALUES (25, 3, 45, '1', '1', '1', '1');
INSERT INTO `granjagalonesentrega`.`aros_acos` (`id`, `aro_id`, `aco_id`, `_create`, `_read`, `_update`, `_delete`) VALUES (26, 3, 43, '1', '1', '1', '1');
INSERT INTO `granjagalonesentrega`.`aros_acos` (`id`, `aro_id`, `aco_id`, `_create`, `_read`, `_update`, `_delete`) VALUES (27, 3, 46, '1', '1', '1', '1');
INSERT INTO `granjagalonesentrega`.`aros_acos` (`id`, `aro_id`, `aco_id`, `_create`, `_read`, `_update`, `_delete`) VALUES (28, 3, 44, '1', '1', '1', '1');
INSERT INTO `granjagalonesentrega`.`aros_acos` (`id`, `aro_id`, `aco_id`, `_create`, `_read`, `_update`, `_delete`) VALUES (29, 3, 31, '1', '1', '1', '1');
INSERT INTO `granjagalonesentrega`.`aros_acos` (`id`, `aro_id`, `aco_id`, `_create`, `_read`, `_update`, `_delete`) VALUES (30, 3, 35, '1', '1', '1', '1');
INSERT INTO `granjagalonesentrega`.`aros_acos` (`id`, `aro_id`, `aco_id`, `_create`, `_read`, `_update`, `_delete`) VALUES (31, 3, 37, '1', '1', '1', '1');
INSERT INTO `granjagalonesentrega`.`aros_acos` (`id`, `aro_id`, `aco_id`, `_create`, `_read`, `_update`, `_delete`) VALUES (32, 3, 80, '1', '1', '1', '1');
INSERT INTO `granjagalonesentrega`.`aros_acos` (`id`, `aro_id`, `aco_id`, `_create`, `_read`, `_update`, `_delete`) VALUES (33, 3, 84, '-1', '-1', '-1', '-1');
INSERT INTO `granjagalonesentrega`.`aros_acos` (`id`, `aro_id`, `aco_id`, `_create`, `_read`, `_update`, `_delete`) VALUES (34, 3, 85, '-1', '-1', '-1', '-1');
INSERT INTO `granjagalonesentrega`.`aros_acos` (`id`, `aro_id`, `aco_id`, `_create`, `_read`, `_update`, `_delete`) VALUES (35, 3, 87, '-1', '-1', '-1', '-1');
INSERT INTO `granjagalonesentrega`.`aros_acos` (`id`, `aro_id`, `aco_id`, `_create`, `_read`, `_update`, `_delete`) VALUES (36, 3, 19, '1', '1', '1', '1');
INSERT INTO `granjagalonesentrega`.`aros_acos` (`id`, `aro_id`, `aco_id`, `_create`, `_read`, `_update`, `_delete`) VALUES (37, 4, 42, '1', '1', '1', '1');
INSERT INTO `granjagalonesentrega`.`aros_acos` (`id`, `aro_id`, `aco_id`, `_create`, `_read`, `_update`, `_delete`) VALUES (38, 4, 47, '-1', '-1', '-1', '-1');
INSERT INTO `granjagalonesentrega`.`aros_acos` (`id`, `aro_id`, `aco_id`, `_create`, `_read`, `_update`, `_delete`) VALUES (39, 4, 35, '1', '1', '1', '1');
INSERT INTO `granjagalonesentrega`.`aros_acos` (`id`, `aro_id`, `aco_id`, `_create`, `_read`, `_update`, `_delete`) VALUES (40, 4, 82, '1', '1', '1', '1');
INSERT INTO `granjagalonesentrega`.`aros_acos` (`id`, `aro_id`, `aco_id`, `_create`, `_read`, `_update`, `_delete`) VALUES (41, 1, 124, '1', '1', '1', '1');
INSERT INTO `granjagalonesentrega`.`aros_acos` (`id`, `aro_id`, `aco_id`, `_create`, `_read`, `_update`, `_delete`) VALUES (42, 1, 126, '1', '1', '1', '1');
INSERT INTO `granjagalonesentrega`.`aros_acos` (`id`, `aro_id`, `aco_id`, `_create`, `_read`, `_update`, `_delete`) VALUES (43, 1, 127, '1', '1', '1', '1');
INSERT INTO `granjagalonesentrega`.`aros_acos` (`id`, `aro_id`, `aco_id`, `_create`, `_read`, `_update`, `_delete`) VALUES (44, 1, 128, '1', '1', '1', '1');
INSERT INTO `granjagalonesentrega`.`aros_acos` (`id`, `aro_id`, `aco_id`, `_create`, `_read`, `_update`, `_delete`) VALUES (45, 2, 128, '1', '1', '1', '1');
INSERT INTO `granjagalonesentrega`.`aros_acos` (`id`, `aro_id`, `aco_id`, `_create`, `_read`, `_update`, `_delete`) VALUES (46, 3, 128, '1', '1', '1', '1');
INSERT INTO `granjagalonesentrega`.`aros_acos` (`id`, `aro_id`, `aco_id`, `_create`, `_read`, `_update`, `_delete`) VALUES (47, 1, 130, '1', '1', '1', '1');
INSERT INTO `granjagalonesentrega`.`aros_acos` (`id`, `aro_id`, `aco_id`, `_create`, `_read`, `_update`, `_delete`) VALUES (48, 1, 131, '1', '1', '1', '1');
INSERT INTO `granjagalonesentrega`.`aros_acos` (`id`, `aro_id`, `aco_id`, `_create`, `_read`, `_update`, `_delete`) VALUES (49, 1, 132, '1', '1', '1', '1');
INSERT INTO `granjagalonesentrega`.`aros_acos` (`id`, `aro_id`, `aco_id`, `_create`, `_read`, `_update`, `_delete`) VALUES (50, 2, 132, '1', '1', '1', '1');
INSERT INTO `granjagalonesentrega`.`aros_acos` (`id`, `aro_id`, `aco_id`, `_create`, `_read`, `_update`, `_delete`) VALUES (51, 3, 132, '1', '1', '1', '1');
INSERT INTO `granjagalonesentrega`.`aros_acos` (`id`, `aro_id`, `aco_id`, `_create`, `_read`, `_update`, `_delete`) VALUES (52, 1, 133, '1', '1', '1', '1');
INSERT INTO `granjagalonesentrega`.`aros_acos` (`id`, `aro_id`, `aco_id`, `_create`, `_read`, `_update`, `_delete`) VALUES (53, 2, 133, '1', '1', '1', '1');
INSERT INTO `granjagalonesentrega`.`aros_acos` (`id`, `aro_id`, `aco_id`, `_create`, `_read`, `_update`, `_delete`) VALUES (54, 3, 133, '1', '1', '1', '1');
INSERT INTO `granjagalonesentrega`.`aros_acos` (`id`, `aro_id`, `aco_id`, `_create`, `_read`, `_update`, `_delete`) VALUES (55, 4, 133, '1', '1', '1', '1');
INSERT INTO `granjagalonesentrega`.`aros_acos` (`id`, `aro_id`, `aco_id`, `_create`, `_read`, `_update`, `_delete`) VALUES (56, 1, 134, '1', '1', '1', '1');
INSERT INTO `granjagalonesentrega`.`aros_acos` (`id`, `aro_id`, `aco_id`, `_create`, `_read`, `_update`, `_delete`) VALUES (57, 2, 134, '1', '1', '1', '1');
INSERT INTO `granjagalonesentrega`.`aros_acos` (`id`, `aro_id`, `aco_id`, `_create`, `_read`, `_update`, `_delete`) VALUES (58, 3, 134, '1', '1', '1', '1');
INSERT INTO `granjagalonesentrega`.`aros_acos` (`id`, `aro_id`, `aco_id`, `_create`, `_read`, `_update`, `_delete`) VALUES (59, 4, 134, '1', '1', '1', '1');
INSERT INTO `granjagalonesentrega`.`aros_acos` (`id`, `aro_id`, `aco_id`, `_create`, `_read`, `_update`, `_delete`) VALUES (60, 1, 135, '1', '1', '1', '1');
INSERT INTO `granjagalonesentrega`.`aros_acos` (`id`, `aro_id`, `aco_id`, `_create`, `_read`, `_update`, `_delete`) VALUES (61, 2, 135, '1', '1', '1', '1');
INSERT INTO `granjagalonesentrega`.`aros_acos` (`id`, `aro_id`, `aco_id`, `_create`, `_read`, `_update`, `_delete`) VALUES (62, 3, 135, '1', '1', '1', '1');
INSERT INTO `granjagalonesentrega`.`aros_acos` (`id`, `aro_id`, `aco_id`, `_create`, `_read`, `_update`, `_delete`) VALUES (63, 4, 135, '1', '1', '1', '1');
INSERT INTO `granjagalonesentrega`.`aros_acos` (`id`, `aro_id`, `aco_id`, `_create`, `_read`, `_update`, `_delete`) VALUES (64, 1, 136, '1', '1', '1', '1');
INSERT INTO `granjagalonesentrega`.`aros_acos` (`id`, `aro_id`, `aco_id`, `_create`, `_read`, `_update`, `_delete`) VALUES (65, 2, 136, '1', '1', '1', '1');
INSERT INTO `granjagalonesentrega`.`aros_acos` (`id`, `aro_id`, `aco_id`, `_create`, `_read`, `_update`, `_delete`) VALUES (66, 3, 136, '1', '1', '1', '1');
INSERT INTO `granjagalonesentrega`.`aros_acos` (`id`, `aro_id`, `aco_id`, `_create`, `_read`, `_update`, `_delete`) VALUES (67, 4, 136, '1', '1', '1', '1');
INSERT INTO `granjagalonesentrega`.`aros_acos` (`id`, `aro_id`, `aco_id`, `_create`, `_read`, `_update`, `_delete`) VALUES (68, 1, 137, '1', '1', '1', '1');
INSERT INTO `granjagalonesentrega`.`aros_acos` (`id`, `aro_id`, `aco_id`, `_create`, `_read`, `_update`, `_delete`) VALUES (69, 2, 137, '1', '1', '1', '1');
INSERT INTO `granjagalonesentrega`.`aros_acos` (`id`, `aro_id`, `aco_id`, `_create`, `_read`, `_update`, `_delete`) VALUES (70, 3, 137, '1', '1', '1', '1');
INSERT INTO `granjagalonesentrega`.`aros_acos` (`id`, `aro_id`, `aco_id`, `_create`, `_read`, `_update`, `_delete`) VALUES (71, 4, 137, '1', '1', '1', '1');
INSERT INTO `granjagalonesentrega`.`aros_acos` (`id`, `aro_id`, `aco_id`, `_create`, `_read`, `_update`, `_delete`) VALUES (72, 1, 138, '1', '1', '1', '1');
INSERT INTO `granjagalonesentrega`.`aros_acos` (`id`, `aro_id`, `aco_id`, `_create`, `_read`, `_update`, `_delete`) VALUES (73, 2, 138, '1', '1', '1', '1');
INSERT INTO `granjagalonesentrega`.`aros_acos` (`id`, `aro_id`, `aco_id`, `_create`, `_read`, `_update`, `_delete`) VALUES (74, 3, 138, '1', '1', '1', '1');
INSERT INTO `granjagalonesentrega`.`aros_acos` (`id`, `aro_id`, `aco_id`, `_create`, `_read`, `_update`, `_delete`) VALUES (75, 4, 138, '1', '1', '1', '1');
INSERT INTO `granjagalonesentrega`.`aros_acos` (`id`, `aro_id`, `aco_id`, `_create`, `_read`, `_update`, `_delete`) VALUES (76, 1, 139, '1', '1', '1', '1');
INSERT INTO `granjagalonesentrega`.`aros_acos` (`id`, `aro_id`, `aco_id`, `_create`, `_read`, `_update`, `_delete`) VALUES (77, 1, 141, '1', '1', '1', '1');
INSERT INTO `granjagalonesentrega`.`aros_acos` (`id`, `aro_id`, `aco_id`, `_create`, `_read`, `_update`, `_delete`) VALUES (78, 4, 37, '1', '1', '1', '1');
INSERT INTO `granjagalonesentrega`.`aros_acos` (`id`, `aro_id`, `aco_id`, `_create`, `_read`, `_update`, `_delete`) VALUES (79, 4, 5, '1', '1', '1', '1');
INSERT INTO `granjagalonesentrega`.`aros_acos` (`id`, `aro_id`, `aco_id`, `_create`, `_read`, `_update`, `_delete`) VALUES (80, 4, 52, '1', '1', '1', '1');
INSERT INTO `granjagalonesentrega`.`aros_acos` (`id`, `aro_id`, `aco_id`, `_create`, `_read`, `_update`, `_delete`) VALUES (81, 4, 30, '1', '1', '1', '1');
INSERT INTO `granjagalonesentrega`.`aros_acos` (`id`, `aro_id`, `aco_id`, `_create`, `_read`, `_update`, `_delete`) VALUES (82, 4, 40, '-1', '-1', '-1', '-1');
INSERT INTO `granjagalonesentrega`.`aros_acos` (`id`, `aro_id`, `aco_id`, `_create`, `_read`, `_update`, `_delete`) VALUES (83, 4, 31, '1', '1', '1', '1');
INSERT INTO `granjagalonesentrega`.`aros_acos` (`id`, `aro_id`, `aco_id`, `_create`, `_read`, `_update`, `_delete`) VALUES (84, 4, 19, '1', '1', '1', '1');

COMMIT;

